,city,city_code,elevation,location_type,project,sample_type,setting,surface,surface_material
2_14_1,berlin,BER,,,CSD16,environmental_microbiome,,,metal
2_16_2,berlin,BER,,,CSD16,environmental_microbiome,,,plastic
2_21_1,berlin,BER,,,CSD16,environmental_microbiome,,,plastic
2_21_3,berlin,BER,,,CSD16,environmental_microbiome,,,plastic
2_22_2,berlin,BER,,,CSD16,environmental_microbiome,,,plastic
2_27_1,berlin,BER,,,CSD16,environmental_microbiome,,,metal
2_27_2,berlin,BER,,,CSD16,environmental_microbiome,,,plastic
2_28_3,berlin,BER,,,CSD16,environmental_microbiome,,,plastic
4890-CEM-0384,,,,,,environmental_microbiome,,,
4959-DB-0001,,,,,,environmental_microbiome,,,
4959-DB-0002,,,,,,environmental_microbiome,,,
4959-DB-0003,,,,,,environmental_microbiome,,,
4959-DB-0004,,,,,,environmental_microbiome,,,
4959-DB-0005,,,,,,environmental_microbiome,,,
4959-DB-0006,,,,,,environmental_microbiome,,,
4959-DB-0007,,,,,,environmental_microbiome,,,
4959-DB-0008,,,,,,environmental_microbiome,,,
4959-DB-0009,,,,,,environmental_microbiome,,,
4959-DB-0010,,,,,,environmental_microbiome,,,
4959-DB-0011,,,,,,environmental_microbiome,,,
4959-DB-0012,,,,,,environmental_microbiome,,,
4959-DB-0013,,,,,,environmental_microbiome,,,
4959-DB-0014,,,,,,environmental_microbiome,,,
4959-DB-0015,,,,,,environmental_microbiome,,,
4959-DB-0016,,,,,,environmental_microbiome,,,
4959-DB-0017,,,,,,environmental_microbiome,,,
4959-DB-0018,,,,,,environmental_microbiome,,,
4959-DB-0019,,,,,,environmental_microbiome,,,
4959-DB-0020,,,,,,environmental_microbiome,,,
4959-DB-0021,,,,,,environmental_microbiome,,,
4959-DB-0022,,,,,,environmental_microbiome,,,
4959-DB-0023,,,,,,environmental_microbiome,,,
4959-DB-0024,,,,,,environmental_microbiome,,,
4959-DB-0025,,,,,,environmental_microbiome,,,
4959-DB-0026,,,,,,environmental_microbiome,,,
4959-DB-0027,,,,,,environmental_microbiome,,,
4959-DB-0028,,,,,,environmental_microbiome,,,
4959-DB-0029,,,,,,environmental_microbiome,,,
4959-DB-0030,,,,,,environmental_microbiome,,,
4959-DB-0031,,,,,,environmental_microbiome,,,
4959-DB-0032,,,,,,environmental_microbiome,,,
4959-DB-0033,,,,,,environmental_microbiome,,,
4959-DB-0034,,,,,,environmental_microbiome,,,
4959-DB-0035,,,,,,environmental_microbiome,,,
4959-DB-0036,,,,,,environmental_microbiome,,,
4959-DB-0037,,,,,,environmental_microbiome,,,
4959-DB-0038,,,,,,environmental_microbiome,,,
4959-DB-0039,,,,,,environmental_microbiome,,,
4959-DB-0040,,,,,,environmental_microbiome,,,
4959-DB-0041,,,,,,environmental_microbiome,,,
4959-DB-0042,,,,,,environmental_microbiome,,,
4959-DB-0043,,,,,,environmental_microbiome,,,
4959-DB-0044,,,,,,environmental_microbiome,,,
4959-DB-0045,,,,,,environmental_microbiome,,,
4959-DB-0046,,,,,,environmental_microbiome,,,
4959-DB-0047,,,,,,environmental_microbiome,,,
4959-DB-0048,,,,,,environmental_microbiome,,,
4959-DB-0049,,,,,,environmental_microbiome,,,
4959-DB-0050,,,,,,environmental_microbiome,,,
4959-DB-0051,,,,,,environmental_microbiome,,,
4959-DB-0052,,,,,,environmental_microbiome,,,
4959-DB-0053,,,,,,environmental_microbiome,,,
4959-DB-0054,,,,,,environmental_microbiome,,,
4959-DB-0055,,,,,,environmental_microbiome,,,
4959-DB-0056,,,,,,environmental_microbiome,,,
4959-DB-0057,,,,,,environmental_microbiome,,,
4959-DB-0058,,,,,,environmental_microbiome,,,
4959-DB-0059,,,,,,environmental_microbiome,,,
4959-DB-0060,,,,,,environmental_microbiome,,,
4959-DB-0061,,,,,,environmental_microbiome,,,
4959-DB-0062,,,,,,environmental_microbiome,,,
4959-DB-0063,,,,,,environmental_microbiome,,,
4959-DB-0064,,,,,,environmental_microbiome,,,
4959-DB-0065,,,,,,environmental_microbiome,,,
4959-DB-0066,,,,,,environmental_microbiome,,,
4959-DB-0067,,,,,,environmental_microbiome,,,
4959-DB-0068,,,,,,environmental_microbiome,,,
4959-DB-0069,,,,,,environmental_microbiome,,,
4959-DB-0070,,,,,,environmental_microbiome,,,
4959-DB-0071,,,,,,environmental_microbiome,,,
4959-DB-0072,,,,,,environmental_microbiome,,,
4959-DB-0073,,,,,,environmental_microbiome,,,
4959-DB-0074,,,,,,environmental_microbiome,,,
4959-DB-0075,,,,,,environmental_microbiome,,,
4959-DB-0076,,,,,,environmental_microbiome,,,
4959-DB-0077,,,,,,environmental_microbiome,,,
4959-DB-0078,,,,,,environmental_microbiome,,,
4959-DB-0079,,,,,,environmental_microbiome,,,
4959-DB-0080,,,,,,environmental_microbiome,,,
4959-DB-0081,,,,,,environmental_microbiome,,,
4959-DB-0082,,,,,,environmental_microbiome,,,
4959-DB-0083,,,,,,environmental_microbiome,,,
4959-DB-0084,,,,,,environmental_microbiome,,,
4959-DB-0085,,,,,,environmental_microbiome,,,
4959-DB-0086,,,,,,environmental_microbiome,,,
4959-DB-0087,,,,,,environmental_microbiome,,,
4959-DB-0088,,,,,,environmental_microbiome,,,
4959-DB-0089,,,,,,environmental_microbiome,,,
4959-DB-0090,,,,,,environmental_microbiome,,,
4959-DB-0091,,,,,,environmental_microbiome,,,
4959-DB-0092,,,,,,environmental_microbiome,,,
4959-DB-0093,,,,,,environmental_microbiome,,,
4959-DB-0094,,,,,,environmental_microbiome,,,
4959-DB-0095,,,,,,environmental_microbiome,,,
4959-DB-0096,,,,,,environmental_microbiome,,,
4959-DB-1249,,,,,,environmental_microbiome,,,
4959-DB-1250,,,,,,environmental_microbiome,,,
4959-DB-1251,,,,,,environmental_microbiome,,,
4959-DB-1252,,,,,,environmental_microbiome,,,
4959-DB-1253,,,,,,environmental_microbiome,,,
4959-DB-1254,,,,,,environmental_microbiome,,,
4959-DB-1255,,,,,,environmental_microbiome,,,
4959-DB-1256,,,,,,environmental_microbiome,,,
4959-DB-1257,,,,,,environmental_microbiome,,,
4959-DB-1258,,,,,,environmental_microbiome,,,
4959-DB-1259,,,,,,environmental_microbiome,,,
4959-DB-1260,,,,,,environmental_microbiome,,,
4959-DB-1261,,,,,,environmental_microbiome,,,
4959-DB-1262,,,,,,environmental_microbiome,,,
4959-DB-1263,,,,,,environmental_microbiome,,,
4959-DB-1264,,,,,,environmental_microbiome,,,
4959-DB-1265,,,,,,environmental_microbiome,,,
4959-DB-1266,,,,,,environmental_microbiome,,,
4959-DB-1267,,,,,,environmental_microbiome,,,
4959-DB-1268,,,,,,environmental_microbiome,,,
4959-DB-1269,,,,,,environmental_microbiome,,,
4959-DB-1270,,,,,,environmental_microbiome,,,
4959-DB-1271,,,,,,environmental_microbiome,,,
4959-DB-1272,,,,,,environmental_microbiome,,,
4959-DB-1273,,,,,,environmental_microbiome,,,
4959-DB-1274,,,,,,environmental_microbiome,,,
4959-DB-1275,,,,,,environmental_microbiome,,,
4959-DB-1276,,,,,,environmental_microbiome,,,
4959-DB-1277,,,,,,environmental_microbiome,,,
4959-DB-1278,,,,,,environmental_microbiome,,,
4959-DB-1279,,,,,,environmental_microbiome,,,
4959-DB-1280,,,,,,environmental_microbiome,,,
4959-DB-1281,,,,,,environmental_microbiome,,,
4959-DB-1282,,,,,,environmental_microbiome,,,
4959-DB-1283,,,,,,environmental_microbiome,,,
4959-DB-1284,,,,,,environmental_microbiome,,,
4959-DB-1285,,,,,,environmental_microbiome,,,
4959-DB-1286,,,,,,environmental_microbiome,,,
4959-DB-1287,,,,,,environmental_microbiome,,,
4959-DB-1288,,,,,,environmental_microbiome,,,
4959-DB-1289,,,,,,environmental_microbiome,,,
4959-DB-1290,,,,,,environmental_microbiome,,,
4959-DB-1291,,,,,,environmental_microbiome,,,
4959-DB-1292,,,,,,environmental_microbiome,,,
4959-DB-1293,,,,,,environmental_microbiome,,,
4959-DB-1294,,,,,,environmental_microbiome,,,
4959-DB-1295,,,,,,environmental_microbiome,,,
4959-DB-1296,,,,,,environmental_microbiome,,,
4959-DB-1297,,,,,,environmental_microbiome,,,
4959-DB-1298,,,,,,environmental_microbiome,,,
4959-DB-1299,,,,,,environmental_microbiome,,,
4959-DB-1300,,,,,,environmental_microbiome,,,
4959-DB-1301,,,,,,environmental_microbiome,,,
4959-DB-1302,,,,,,environmental_microbiome,,,
4959-DB-1303,,,,,,environmental_microbiome,,,
4959-DB-1304,,,,,,environmental_microbiome,,,
4959-DB-1305,,,,,,environmental_microbiome,,,
4959-DB-1306,,,,,,environmental_microbiome,,,
4959-DB-1307,,,,,,environmental_microbiome,,,
4959-DB-1308,,,,,,environmental_microbiome,,,
4959-DB-1309,,,,,,environmental_microbiome,,,
4959-DB-1310,,,,,,environmental_microbiome,,,
4959-DB-1311,,,,,,environmental_microbiome,,,
4959-DB-1312,,,,,,environmental_microbiome,,,
4959-DB-1313,,,,,,environmental_microbiome,,,
4959-DB-1314,,,,,,environmental_microbiome,,,
4959-DB-1315,,,,,,environmental_microbiome,,,
4959-DB-1316,,,,,,environmental_microbiome,,,
4959-DB-1317,,,,,,environmental_microbiome,,,
4959-DB-1318,,,,,,environmental_microbiome,,,
4959-DB_PC,,,,,,environmental_microbiome,,,
5080-CEM-0001,lands_end,,above_ground_open,other,,environmental_microbiome,rural,vert_pole,wood
5080-CEM-0002,birmingham,,above_ground_open,street,,environmental_microbiome,urban,handrail,wood
5080-CEM-0003,birmingham,,above_ground_open,street,,environmental_microbiome,urban,handrail,wood
5080-CEM-0004,birmingham,,above_ground_open,street,,environmental_microbiome,urban,handrail,metal
5080-CEM-0005,birmingham,,above_ground_open,other,,environmental_microbiome,urban,entrance_door,metal
5080-CEM-0006,birmingham,,above_ground_open,supermarket,,environmental_microbiome,suburban,trolley_handle,plastic
5080-CEM-0007,birmingham,,above_ground_open,supermarket,,environmental_microbiome,suburban,trolley_handle,plastic
5080-CEM-0008,birmingham,,above_ground_open,supermarket,,environmental_microbiome,suburban,trolley_handle,plastic
5080-CEM-0009,newcastle,,above_ground_open,street,,environmental_microbiome,urban,entrance_door,metal
5080-CEM-0010,newcastle,,above_ground_open,other,,environmental_microbiome,urban,handrail,metal
5080-CEM-0011,newcastle,,under_ground,supermarket,,environmental_microbiome,urban,trolley_handle,plastic
5080-CEM-0012,newcastle,,under_ground,supermarket,,environmental_microbiome,urban,trolley_handle,plastic
5080-CEM-0013,newcastle,,under_ground,supermarket,,environmental_microbiome,urban,trolley_handle,plastic
5080-CEM-0014,bury,,above_ground_open,supermarket,,environmental_microbiome,suburban,trolley_handle,plastic
5080-CEM-0015,bury,,above_ground_open,supermarket,,environmental_microbiome,suburban,trolley_handle,plastic
5080-CEM-0016,bury,,above_ground_open,supermarket,,environmental_microbiome,suburban,trolley_handle,plastic
5080-CEM-0017,bury,,above_ground_open,other,,environmental_microbiome,urban,entrance_door,metal
5080-CEM-0018,bury,,above_ground_open,school,,environmental_microbiome,suburban,handrail,metal
5080-CEM-0019,bury,,above_ground_open,hospital,,environmental_microbiome,suburban,handrail,painted_metal
5080-CEM-0020,eden,,above_ground_open,other,,environmental_microbiome,rural,other,painted_metal
5080-CEM-0021,eden,,above_ground_open,supermarket,,environmental_microbiome,suburban,trolley_handle,plastic
5080-CEM-0022,eden,,above_ground_open,supermarket,,environmental_microbiome,suburban,trolley_handle,plastic
5080-CEM-0023,eden,,above_ground_open,supermarket,,environmental_microbiome,suburban,trolley_handle,plastic
5080-CEM-0024,eden,,above_ground_open,church,,environmental_microbiome,suburban,other,metal
5080-CEM-0025,edinborough,,above_ground_open,supermarket,,environmental_microbiome,suburban,trolley_handle,plastic
5080-CEM-0026,edinborough,,above_ground_open,supermarket,,environmental_microbiome,suburban,trolley_handle,plastic
5080-CEM-0027,edinborough,,above_ground_open,supermarket,,environmental_microbiome,suburban,trolley_handle,plastic
5080-CEM-0028,edinborough,,above_ground_open,other,,environmental_microbiome,suburban,handrail,painted_metal
5080-CEM-0029,edinborough,,above_ground_open,busstop,,environmental_microbiome,urban,seat,metal_plastic
5080-CEM-0030,edinborough,,above_ground_open,restaurant_or_pub,,environmental_microbiome,urban,entrance_door,wood
5080-CEM-0031,jaywick,,above_ground_open,supermarket,,environmental_microbiome,suburban,other,metal_plastic
5080-CEM-0032,jaywick,,above_ground_open,supermarket,,environmental_microbiome,suburban,other,metal_plastic
5080-CEM-0033,jaywick,,above_ground_open,supermarket,,environmental_microbiome,suburban,other,metal_plastic
5080-CEM-0034,jaywick,,above_ground_open,other,,environmental_microbiome,suburban,entrance_door,painted_metal
5080-CEM-0035,jaywick,,above_ground_closed,payphone,,environmental_microbiome,suburban,other,metal
5080-CEM-0036,jaywick,,above_ground_open,street,,environmental_microbiome,suburban,floor,concrete
5080-CEM-0037,eastbourne,,above_ground_open,school,,environmental_microbiome,suburban,handrail,metal
5080-CEM-0038,eastbourne,,above_ground_open,supermarket,,environmental_microbiome,suburban,trolley_handle,plastic
5080-CEM-0039,eastbourne,,above_ground_open,supermarket,,environmental_microbiome,suburban,trolley_handle,plastic
5080-CEM-0040,eastbourne,,above_ground_open,supermarket,,environmental_microbiome,suburban,vert_pole,plastic
5080-CEM-0041,eastbourne,,above_ground_open,hospital,,environmental_microbiome,suburban,handrail,painted_metal
5080-CEM-0042,eastbourne,,above_ground_open,restaurant_or_pub,,environmental_microbiome,urban,entrance_door,metal_plastic
5080-CEM-0043,bradford,,above_ground_open,shrine,,environmental_microbiome,urban,handrail,painted_metal
5080-CEM-0044,bradford,,above_ground_open,supermarket,,environmental_microbiome,urban,trolley_handle,plastic
5080-CEM-0045,bradford,,above_ground_open,supermarket,,environmental_microbiome,urban,trolley_handle,plastic
5080-CEM-0046,bradford,,above_ground_open,supermarket,,environmental_microbiome,urban,trolley_handle,plastic
5080-CEM-0047,bristol,,above_ground_closed,other,,environmental_microbiome,urban,table,wood
5080-CEM-0048,bristol,,above_ground_closed,office,,environmental_microbiome,urban,touchscreen,other
5080-CEM-0049,other,,above_ground_open,other,,environmental_microbiome,rural,vert_pole,wood
5080-CEM-0050,belfast,,above_ground_open,other,,environmental_microbiome,urban,entrance_door,metal
5080-CEM-0051,belfast,,above_ground_open,other,,environmental_microbiome,urban,handrail,metal
5080-CEM-0052,belfast,,above_ground_open,supermarket,,environmental_microbiome,urban,trolley_handle,plastic
5080-CEM-0053,belfast,,above_ground_open,supermarket,,environmental_microbiome,urban,trolley_handle,plastic
5080-CEM-0054,belfast,,above_ground_open,supermarket,,environmental_microbiome,urban,trolley_handle,plastic
5080-CEM-0055,lands_end,,above_ground_open,other,,environmental_microbiome,rural,entrance_door,plastic
5080-CEM-0056,lands_end,,above_ground_open,supermarket,,environmental_microbiome,suburban,trolley_handle,plastic
5080-CEM-0057,lands_end,,above_ground_open,supermarket,,environmental_microbiome,suburban,trolley_handle,plastic
5080-CEM-0058,lands_end,,above_ground_open,supermarket,,environmental_microbiome,suburban,trolley_handle,plastic
5080-CEM-0059,swansea,,above_ground_open,university,,environmental_microbiome,urban,entrance_door,painted_metal
5080-CEM-0060,swansea,,above_ground_open,other,,environmental_microbiome,urban,handrail,metal
5080-CEM-0061,swansea,,above_ground_open,other,,environmental_microbiome,urban,handrail,metal
5080-CEM-0062,swansea,,above_ground_open,supermarket,,environmental_microbiome,urban,trolley_handle,plastic
5080-CEM-0063,swansea,,above_ground_open,supermarket,,environmental_microbiome,urban,trolley_handle,plastic
5080-CEM-0064,swansea,,above_ground_open,supermarket,,environmental_microbiome,urban,trolley_handle,plastic
5080-CEM-0065,islington,,above_ground_open,supermarket,,environmental_microbiome,urban,trolley_handle,plastic
5080-CEM-0066,islington,,above_ground_open,supermarket,,environmental_microbiome,urban,trolley_handle,plastic
5080-CEM-0067,islington,,above_ground_open,supermarket,,environmental_microbiome,urban,trolley_handle,plastic
5080-CEM-0068,islington,,above_ground_open,other,,environmental_microbiome,urban,entrance_door,metal
5080-CEM-0069,islington,,above_ground_open,other,,environmental_microbiome,urban,other,other
5080-CEM-0070,kensington,,above_ground_open,restaurant_or_pub,,environmental_microbiome,urban,entrance_door,metal
5080-CEM-0071,kensington,,above_ground_open,street,,environmental_microbiome,urban,ground,concrete
5080-CEM-0072,other,,above_ground_open,payphone,,environmental_microbiome,urban,other,metal
5080-CEM-0073,kensington,,above_ground_open,supermarket,,environmental_microbiome,urban,trolley_handle,plastic
5080-CEM-0074,kensington,,above_ground_open,supermarket,,environmental_microbiome,urban,trolley_handle,plastic
5080-CEM-0075,kensington,,above_ground_open,supermarket,,environmental_microbiome,urban,trolley_handle,plastic
5080-CEM-0076,cairngorm,,above_ground_open,shrine,,environmental_microbiome,rural,cairn,granite
5080-CEM-0077,cairngorm,,above_ground_open,other,,environmental_microbiome,rural,cairn,granite
5080-CEM-0078,cairngorm,,above_ground_open,restaurant_or_pub,,environmental_microbiome,rural,entrance_door,metal
5080-CEM-0079,cairngorm,,above_ground_open,restaurant_or_pub,,environmental_microbiome,rural,entrance_door,metal
5080-CEM-0080,,,,,,environmental_microbiome,,,
5080-CEM-0081,,,,,,environmental_microbiome,,,
5080-CEM-0082,,,,,,environmental_microbiome,,,
5080-CEM-0083,,OSL,,,CSD17,air_microbiome,,,
5106-CEM-0001,new_york_city,NYC,,,PATHOMAP_WINTER,environmental_microbiome,,,
5106-CEM-0002,new_york_city,NYC,,,PATHOMAP_WINTER,environmental_microbiome,,,
5106-CEM-0003,new_york_city,NYC,,,PATHOMAP_WINTER,environmental_microbiome,,,
5106-CEM-0004,new_york_city,NYC,,,PATHOMAP_WINTER,environmental_microbiome,,,
5106-CEM-0005,new_york_city,NYC,,,PATHOMAP_WINTER,environmental_microbiome,,,
5106-CEM-0006,new_york_city,NYC,,,PATHOMAP_WINTER,environmental_microbiome,,,
5106-CEM-0007,new_york_city,NYC,,,PATHOMAP_WINTER,environmental_microbiome,,,
5106-CEM-0008,new_york_city,NYC,,,PATHOMAP_WINTER,environmental_microbiome,,,
5106-CEM-0009,new_york_city,NYC,,,PATHOMAP_WINTER,environmental_microbiome,,,
5106-CEM-0010,new_york_city,NYC,,,PATHOMAP_WINTER,environmental_microbiome,,,
5106-CEM-0011,new_york_city,NYC,,,PATHOMAP_WINTER,environmental_microbiome,,,
5106-CEM-0012,new_york_city,NYC,,,PATHOMAP_WINTER,environmental_microbiome,,,
5106-CEM-0013,new_york_city,NYC,,,PATHOMAP_WINTER,environmental_microbiome,,,
5106-CEM-0014,new_york_city,NYC,,,PATHOMAP_WINTER,environmental_microbiome,,,
5106-CEM-0015,new_york_city,NYC,,,PATHOMAP_WINTER,environmental_microbiome,,,
5106-CEM-0016,new_york_city,NYC,,,PATHOMAP_WINTER,environmental_microbiome,,,
5106-CEM-0017,new_york_city,NYC,,,PATHOMAP_WINTER,environmental_microbiome,,,
5106-CEM-0018,new_york_city,NYC,,,PATHOMAP_WINTER,environmental_microbiome,,,
5106-CEM-0019,new_york_city,NYC,,,PATHOMAP_WINTER,environmental_microbiome,,,
5106-CEM-0020,new_york_city,NYC,,,PATHOMAP_WINTER,environmental_microbiome,,,
5106-CEM-0021,new_york_city,NYC,,,PATHOMAP_WINTER,environmental_microbiome,,,
5106-CEM-0022,new_york_city,NYC,,,PATHOMAP_WINTER,environmental_microbiome,,,
5106-CEM-0023,new_york_city,NYC,,,PATHOMAP_WINTER,environmental_microbiome,,,
5106-CEM-0024,new_york_city,NYC,,,PATHOMAP_WINTER,environmental_microbiome,,,
5106-CEM-0025,new_york_city,NYC,,,PATHOMAP_WINTER,environmental_microbiome,,,
5106-CEM-0026,new_york_city,NYC,,,PATHOMAP_WINTER,environmental_microbiome,,,
5106-CEM-0027,new_york_city,NYC,,,PATHOMAP_WINTER,environmental_microbiome,,,
5106-CEM-0028,new_york_city,NYC,,,PATHOMAP_WINTER,environmental_microbiome,,,
5106-CEM-0029,new_york_city,NYC,,,PATHOMAP_WINTER,environmental_microbiome,,,
5106-CEM-0030,new_york_city,NYC,,,PATHOMAP_WINTER,environmental_microbiome,,,
5106-CEM-0031,new_york_city,NYC,,,PATHOMAP_WINTER,environmental_microbiome,,,
5106-CEM-0032,new_york_city,NYC,,,PATHOMAP_WINTER,environmental_microbiome,,,
5106-CEM-0033,new_york_city,NYC,,,PATHOMAP_WINTER,environmental_microbiome,,,
5106-CEM-0034,new_york_city,NYC,,,PATHOMAP_WINTER,environmental_microbiome,,,
5106-CEM-0035,new_york_city,NYC,,,PATHOMAP_WINTER,environmental_microbiome,,,
5106-CEM-0036,new_york_city,NYC,,,PATHOMAP_WINTER,environmental_microbiome,,,
5106-CEM-0037,new_york_city,NYC,,,PATHOMAP_WINTER,environmental_microbiome,,,
5106-CEM-0038,new_york_city,NYC,,,PATHOMAP_WINTER,environmental_microbiome,,,
5106-CEM-0039,new_york_city,NYC,,,PATHOMAP_WINTER,environmental_microbiome,,,
5106-CEM-0040,new_york_city,NYC,,,PATHOMAP_WINTER,environmental_microbiome,,,
5106-CEM-0041,new_york_city,NYC,,,PATHOMAP_WINTER,environmental_microbiome,,,
5106-CEM-0042,new_york_city,NYC,,,PATHOMAP_WINTER,environmental_microbiome,,,
5106-CEM-0043,new_york_city,NYC,,,PATHOMAP_WINTER,environmental_microbiome,,,
5106-CEM-0044,new_york_city,NYC,,,PATHOMAP_WINTER,environmental_microbiome,,,
5106-CEM-0045,new_york_city,NYC,,,PATHOMAP_WINTER,environmental_microbiome,,,
5106-CEM-0046,new_york_city,NYC,,,PATHOMAP_WINTER,environmental_microbiome,,,
5106-CEM-0047,new_york_city,NYC,,,PATHOMAP_WINTER,environmental_microbiome,,,
5106-CEM-0048,new_york_city,NYC,,,PATHOMAP_WINTER,environmental_microbiome,,,
5106-CEM-0049,new_york_city,NYC,,,PATHOMAP_WINTER,environmental_microbiome,,,
5106-CEM-0050,new_york_city,NYC,,,PATHOMAP_WINTER,environmental_microbiome,,,
5106-CEM-0051,new_york_city,NYC,,,PATHOMAP_WINTER,environmental_microbiome,,,
5106-CEM-0052,new_york_city,NYC,,,PATHOMAP_WINTER,environmental_microbiome,,,
5106-CEM-0053,new_york_city,NYC,,,PATHOMAP_WINTER,environmental_microbiome,,,
5106-CEM-0054,new_york_city,NYC,,,PATHOMAP_WINTER,environmental_microbiome,,,
5106-CEM-0055,new_york_city,NYC,,,PATHOMAP_WINTER,environmental_microbiome,,,
5106-CEM-0056,new_york_city,NYC,,,PATHOMAP_WINTER,environmental_microbiome,,,
5106-CEM-0057,new_york_city,NYC,,,PATHOMAP_WINTER,environmental_microbiome,,,
5106-CEM-0058,new_york_city,NYC,,,PATHOMAP_WINTER,environmental_microbiome,,,
5106-CEM-0059,new_york_city,NYC,,,PATHOMAP_WINTER,environmental_microbiome,,,
5106-CEM-0060,new_york_city,NYC,,,PATHOMAP_WINTER,environmental_microbiome,,,
5106-CEM-0061,new_york_city,NYC,,,PATHOMAP_WINTER,environmental_microbiome,,,
5106-CEM-0062,new_york_city,NYC,,,PATHOMAP_WINTER,environmental_microbiome,,,
5106-CEM-0063,new_york_city,NYC,,,PATHOMAP_WINTER,environmental_microbiome,,,
5106-CEM-0064,new_york_city,NYC,,,PATHOMAP_WINTER,environmental_microbiome,,,
5106-CEM-0065,new_york_city,NYC,,,PATHOMAP_WINTER,environmental_microbiome,,,
5106-CEM-0066,new_york_city,NYC,,,PATHOMAP_WINTER,environmental_microbiome,,,
5106-CEM-0067,new_york_city,NYC,,,PATHOMAP_WINTER,environmental_microbiome,,,
5106-CEM-0068,new_york_city,NYC,,,PATHOMAP_WINTER,environmental_microbiome,,,
5106-CEM-0069,new_york_city,NYC,,,PATHOMAP_WINTER,environmental_microbiome,,,
5106-CEM-0070,new_york_city,NYC,,,PATHOMAP_WINTER,environmental_microbiome,,,
5106-CEM-0071,new_york_city,NYC,,,PATHOMAP_WINTER,environmental_microbiome,,,
5106-CEM-0072,new_york_city,NYC,,,PATHOMAP_WINTER,environmental_microbiome,,,
5106-CEM-0073,new_york_city,NYC,,,PATHOMAP_WINTER,environmental_microbiome,,,
5106-CEM-0074,new_york_city,NYC,,,PATHOMAP_WINTER,environmental_microbiome,,,
5106-CEM-0075,new_york_city,NYC,,,PATHOMAP_WINTER,environmental_microbiome,,,
5106-CEM-0076,new_york_city,NYC,,,PATHOMAP_WINTER,environmental_microbiome,,,
5106-CEM-0077,new_york_city,NYC,,,PATHOMAP_WINTER,environmental_microbiome,,,
5106-CEM-0078,new_york_city,NYC,,,PATHOMAP_WINTER,environmental_microbiome,,,
5106-CEM-0079,new_york_city,NYC,,,PATHOMAP_WINTER,environmental_microbiome,,,
5106-CEM-0080,new_york_city,NYC,,,PATHOMAP_WINTER,environmental_microbiome,,,
5106-CEM-0081,new_york_city,NYC,,,PATHOMAP_WINTER,environmental_microbiome,,,
5106-CEM-0082,new_york_city,NYC,,,PATHOMAP_WINTER,environmental_microbiome,,,
5106-CEM-0083,new_york_city,NYC,,,PATHOMAP_WINTER,environmental_microbiome,,,
5106-CEM-0084,new_york_city,NYC,,,PATHOMAP_WINTER,environmental_microbiome,,,
5106-CEM-0085,new_york_city,NYC,,,PATHOMAP_WINTER,environmental_microbiome,,,
5106-CEM-0086,new_york_city,NYC,,,PATHOMAP_WINTER,environmental_microbiome,,,
5106-CEM-0087,new_york_city,NYC,,,PATHOMAP_WINTER,environmental_microbiome,,,
5106-CEM-0088,new_york_city,NYC,,,PATHOMAP_WINTER,environmental_microbiome,,,
5106-CEM-0089,new_york_city,NYC,,,PATHOMAP_WINTER,environmental_microbiome,,,
5106-CEM-0090,new_york_city,NYC,,,PATHOMAP_WINTER,environmental_microbiome,,,
5106-CEM-0091,new_york_city,NYC,,,PATHOMAP_WINTER,environmental_microbiome,,,
5106-CEM-0092,new_york_city,NYC,,,PATHOMAP_WINTER,environmental_microbiome,,,
5106-CEM-0093,new_york_city,NYC,,,PATHOMAP_WINTER,environmental_microbiome,,,
5106-CEM-0094,new_york_city,NYC,,,PATHOMAP_WINTER,environmental_microbiome,,,
5106-CEM-0095,new_york_city,NYC,,,PATHOMAP_WINTER,environmental_microbiome,,,
5106-CEM-0096,london,LON,under_ground,,CSD17,environmental_microbiome,urban,,handrail
5106-CEM-0097,new_york_city,NYC,,,PATHOMAP_WINTER,environmental_microbiome,,,
5106-CEM-0098,new_york_city,NYC,,,PATHOMAP_WINTER,environmental_microbiome,,,
5106-CEM-0099,new_york_city,NYC,,,PATHOMAP_WINTER,environmental_microbiome,,,
5106-CEM-0100,new_york_city,NYC,,,PATHOMAP_WINTER,environmental_microbiome,,,
5106-CEM-0101,new_york_city,NYC,,,PATHOMAP_WINTER,environmental_microbiome,,,
5106-CEM-0102,new_york_city,NYC,,,PATHOMAP_WINTER,environmental_microbiome,,,
5106-CEM-0103,new_york_city,NYC,,,PATHOMAP_WINTER,environmental_microbiome,,,
5106-CEM-0104,new_york_city,NYC,,,PATHOMAP_WINTER,environmental_microbiome,,,
5106-CEM-0105,new_york_city,NYC,,,PATHOMAP_WINTER,environmental_microbiome,,,
5106-CEM-0106,new_york_city,NYC,,,PATHOMAP_WINTER,environmental_microbiome,,,
5106-CEM-0107,new_york_city,NYC,,,PATHOMAP_WINTER,environmental_microbiome,,,
5106-CEM-0108,new_york_city,NYC,,,PATHOMAP_WINTER,environmental_microbiome,,,
5106-CEM-0109,new_york_city,NYC,,,PATHOMAP_WINTER,environmental_microbiome,,,
5106-CEM-0110,new_york_city,NYC,,,PATHOMAP_WINTER,environmental_microbiome,,,
5106-CEM-0111,new_york_city,NYC,,,PATHOMAP_WINTER,environmental_microbiome,,,
5106-CEM-0112,new_york_city,NYC,,,PATHOMAP_WINTER,environmental_microbiome,,,
5106-CEM-0113,new_york_city,NYC,,,PATHOMAP_WINTER,environmental_microbiome,,,
5106-CEM-0114,new_york_city,NYC,,,PATHOMAP_WINTER,environmental_microbiome,,,
5106-CEM-0115,new_york_city,NYC,,,PATHOMAP_WINTER,environmental_microbiome,,,
5106-CEM-0116,new_york_city,NYC,,,PATHOMAP_WINTER,environmental_microbiome,,,
5106-CEM-0117,new_york_city,NYC,,,PATHOMAP_WINTER,environmental_microbiome,,,
5106-CEM-0118,new_york_city,NYC,,,PATHOMAP_WINTER,environmental_microbiome,,,
5106-CEM-0119,new_york_city,NYC,,,PATHOMAP_WINTER,environmental_microbiome,,,
5106-CEM-0120,new_york_city,NYC,,,PATHOMAP_WINTER,environmental_microbiome,,,
5106-CEM-0121,new_york_city,NYC,,,PATHOMAP_WINTER,environmental_microbiome,,,
5106-CEM-0122,new_york_city,NYC,,,PATHOMAP_WINTER,environmental_microbiome,,,
5106-CEM-0123,new_york_city,NYC,,,PATHOMAP_WINTER,environmental_microbiome,,,
5106-CEM-0124,new_york_city,NYC,,,PATHOMAP_WINTER,environmental_microbiome,,,
5106-CEM-0125,new_york_city,NYC,,,PATHOMAP_WINTER,environmental_microbiome,,,
5106-CEM-0126,new_york_city,NYC,,,PATHOMAP_WINTER,environmental_microbiome,,,
5106-CEM-0127,new_york_city,NYC,,,PATHOMAP_WINTER,environmental_microbiome,,,
5106-CEM-0128,new_york_city,NYC,,,PATHOMAP_WINTER,environmental_microbiome,,,
5106-CEM-0129,new_york_city,NYC,,,PATHOMAP_WINTER,environmental_microbiome,,,
5106-CEM-0130,new_york_city,NYC,,,PATHOMAP_WINTER,environmental_microbiome,,,
5106-CEM-0131,new_york_city,NYC,,,PATHOMAP_WINTER,environmental_microbiome,,,
5106-CEM-0132,new_york_city,NYC,,,PATHOMAP_WINTER,environmental_microbiome,,,
5106-CEM-0133,new_york_city,NYC,,,PATHOMAP_WINTER,environmental_microbiome,,,
5106-CEM-0134,new_york_city,NYC,,,PATHOMAP_WINTER,environmental_microbiome,,,
5106-CEM-0135,new_york_city,NYC,,,PATHOMAP_WINTER,environmental_microbiome,,,
5106-CEM-0136,new_york_city,NYC,,,PATHOMAP_WINTER,environmental_microbiome,,,
5106-CEM-0137,new_york_city,NYC,,,PATHOMAP_WINTER,environmental_microbiome,,,
5106-CEM-0138,new_york_city,NYC,,,PATHOMAP_WINTER,environmental_microbiome,,,
5106-CEM-0139,new_york_city,NYC,,,PATHOMAP_WINTER,environmental_microbiome,,,
5106-CEM-0140,new_york_city,NYC,,,PATHOMAP_WINTER,environmental_microbiome,,,
5106-CEM-0141,new_york_city,NYC,,,PATHOMAP_WINTER,environmental_microbiome,,,
5106-CEM-0142,new_york_city,NYC,,,PATHOMAP_WINTER,environmental_microbiome,,,
5106-CEM-0143,new_york_city,NYC,,,PATHOMAP_WINTER,environmental_microbiome,,,
5106-CEM-0144,new_york_city,NYC,,,PATHOMAP_WINTER,environmental_microbiome,,,
5106-CEM-0145,new_york_city,NYC,,,PATHOMAP_WINTER,environmental_microbiome,,,
5106-CEM-0146,new_york_city,NYC,,,PATHOMAP_WINTER,environmental_microbiome,,,
5106-CEM-0147,new_york_city,NYC,,,PATHOMAP_WINTER,environmental_microbiome,,,
5106-CEM-0148,new_york_city,NYC,,,PATHOMAP_WINTER,environmental_microbiome,,,
5106-CEM-0149,new_york_city,NYC,,,PATHOMAP_WINTER,environmental_microbiome,,,
5106-CEM-0150,new_york_city,NYC,,,PATHOMAP_WINTER,environmental_microbiome,,,
5106-CEM-0151,new_york_city,NYC,,,PATHOMAP_WINTER,environmental_microbiome,,,
5106-CEM-0152,new_york_city,NYC,,,PATHOMAP_WINTER,environmental_microbiome,,,
5106-CEM-0153,new_york_city,NYC,,,PATHOMAP_WINTER,environmental_microbiome,,,
5106-CEM-0154,new_york_city,NYC,,,PATHOMAP_WINTER,environmental_microbiome,,,
5106-CEM-0155,new_york_city,NYC,,,PATHOMAP_WINTER,environmental_microbiome,,,
5106-CEM-0156,new_york_city,NYC,,,PATHOMAP_WINTER,environmental_microbiome,,,
5106-CEM-0157,new_york_city,NYC,,,PATHOMAP_WINTER,environmental_microbiome,,,
5106-CEM-0158,new_york_city,NYC,,,PATHOMAP_WINTER,environmental_microbiome,,,
5106-CEM-0159,new_york_city,NYC,,,PATHOMAP_WINTER,environmental_microbiome,,,
5106-CEM-0160,new_york_city,NYC,,,PATHOMAP_WINTER,environmental_microbiome,,,
5106-CEM-0161,new_york_city,NYC,,,PATHOMAP_WINTER,environmental_microbiome,,,
5106-CEM-0162,new_york_city,NYC,,,PATHOMAP_WINTER,environmental_microbiome,,,
5106-CEM-0163,new_york_city,NYC,,,PATHOMAP_WINTER,environmental_microbiome,,,
5106-CEM-0164,new_york_city,NYC,,,PATHOMAP_WINTER,environmental_microbiome,,,
5106-CEM-0165,new_york_city,NYC,,,PATHOMAP_WINTER,environmental_microbiome,,,
5106-CEM-0166,new_york_city,NYC,,,PATHOMAP_WINTER,environmental_microbiome,,,
5106-CEM-0167,new_york_city,NYC,,,PATHOMAP_WINTER,environmental_microbiome,,,
5106-CEM-0168,new_york_city,NYC,,,PATHOMAP_WINTER,environmental_microbiome,,,
5106-CEM-0169,new_york_city,NYC,,,PATHOMAP_WINTER,environmental_microbiome,,,
5106-CEM-0170,new_york_city,NYC,,,PATHOMAP_WINTER,environmental_microbiome,,,
5106-CEM-0171,new_york_city,NYC,,,PATHOMAP_WINTER,environmental_microbiome,,,
5106-CEM-0172,new_york_city,NYC,,,PATHOMAP_WINTER,environmental_microbiome,,,
5106-CEM-0173,new_york_city,NYC,,,PATHOMAP_WINTER,environmental_microbiome,,,
5106-CEM-0174,new_york_city,NYC,,,PATHOMAP_WINTER,environmental_microbiome,,,
5106-CEM-0175,new_york_city,NYC,,,PATHOMAP_WINTER,environmental_microbiome,,,
5106-CEM-0176,new_york_city,NYC,,,PATHOMAP_WINTER,environmental_microbiome,,,
5106-CEM-0177,new_york_city,NYC,,,PATHOMAP_WINTER,environmental_microbiome,,,
5106-CEM-0178,new_york_city,NYC,,,PATHOMAP_WINTER,environmental_microbiome,,,
5106-CEM-0179,new_york_city,NYC,,,PATHOMAP_WINTER,environmental_microbiome,,,
5106-CEM-0180,new_york_city,NYC,,,PATHOMAP_WINTER,environmental_microbiome,,,
5106-CEM-0181,new_york_city,NYC,,,PATHOMAP_WINTER,environmental_microbiome,,,
5106-CEM-0182,new_york_city,NYC,,,PATHOMAP_WINTER,environmental_microbiome,,,
5106-CEM-0183,new_york_city,NYC,,,PATHOMAP_WINTER,environmental_microbiome,,,
5106-CEM-0184,new_york_city,NYC,,,PATHOMAP_WINTER,environmental_microbiome,,,
5106-CEM-0185,new_york_city,NYC,,,PATHOMAP_WINTER,environmental_microbiome,,,
5106-CEM-0186,new_york_city,NYC,,,PATHOMAP_WINTER,environmental_microbiome,,,
5106-CEM-0187,new_york_city,NYC,,,PATHOMAP_WINTER,environmental_microbiome,,,
5106-CEM-0188,new_york_city,NYC,,,PATHOMAP_WINTER,environmental_microbiome,,,
5106-CEM-0189,new_york_city,NYC,,,PATHOMAP_WINTER,environmental_microbiome,,,
5106-CEM-0190,new_york_city,NYC,,,PATHOMAP_WINTER,environmental_microbiome,,,
5106-CEM-0191,new_york_city,NYC,,,PATHOMAP_WINTER,environmental_microbiome,,,
5106-CEM-0192,new_york_city,NYC,,,PATHOMAP_WINTER,environmental_microbiome,,,
5106-CEM-0413,london,LON,under_ground,,CSD17,environmental_microbiome,urban,,escalator_handrail
5106-CEM-0414,london,LON,under_ground,,CSD17,environmental_microbiome,urban,,handrail
5106-CEM-0415,london,LON,under_ground,,CSD17,environmental_microbiome,urban,,handrail
5106-CEM-0416,london,LON,under_ground,,CSD17,environmental_microbiome,urban,,handrail
5106-CEM-0417,london,LON,under_ground,,CSD17,environmental_microbiome,urban,,handrail
5106-CEM-0418,london,LON,under_ground,,CSD17,environmental_microbiome,urban,,handrail
5106-CEM-0419,london,LON,under_ground,,CSD17,environmental_microbiome,urban,,handrail
5106-CEM-0420,london,LON,under_ground,,CSD17,environmental_microbiome,urban,,escalator_handrail
5106-CEM-0421,london,LON,under_ground,,CSD17,environmental_microbiome,urban,,escalator_handrail
5106-CEM-0422,london,LON,under_ground,,CSD17,environmental_microbiome,urban,,escalator_handrail
5106-CEM-0423,london,LON,under_ground,,CSD17,environmental_microbiome,urban,,escalator_handrail
5106-CEM-0424,london,LON,under_ground,,CSD17,environmental_microbiome,urban,,escalator_handrail
5106-CEM-0425,london,LON,under_ground,,CSD17,environmental_microbiome,urban,,-
5106-CEM-0426,london,LON,under_ground,,CSD17,environmental_microbiome,urban,,-
5106-CEM-0427,london,LON,above_ground_open,,CSD17,environmental_microbiome,urban,,handrail
5106-CEM-0428,london,LON,above_ground_open,,CSD17,environmental_microbiome,urban,,handrail
5106-CEM-0429,london,LON,above_ground_open,,CSD17,environmental_microbiome,urban,,handrail
5106-CEM-0430,london,LON,above_ground_open,,CSD17,environmental_microbiome,urban,,handrail
5106-CEM-0431,london,LON,above_ground_open,,CSD17,environmental_microbiome,urban,,handrail
5106-CEM-0432,london,LON,under_ground,,CSD17,environmental_microbiome,urban,,handrail
5106-CEM-0433,london,LON,under_ground,,CSD17,environmental_microbiome,urban,,handrail
5106-CEM-0434,london,LON,under_ground,,CSD17,environmental_microbiome,urban,,escalator_handrail
5106-CEM-0435,london,LON,under_ground,,CSD17,environmental_microbiome,urban,,handrail
5106-CEM-0436,london,LON,under_ground,,CSD17,environmental_microbiome,urban,,escalator_handrail
5106-CEM-0437,london,LON,above_ground_open,,CSD17,environmental_microbiome,urban,,-
5106-CEM-0438,london,LON,above_ground_open,,CSD17,environmental_microbiome,urban,,handrail
5106-CEM-0439,london,LON,above_ground_open,,CSD17,environmental_microbiome,urban,,handrail
5106-CEM-0440,london,LON,above_ground_open,,CSD17,environmental_microbiome,urban,,handrail
5106-CEM-0441,london,LON,above_ground_open,,CSD17,environmental_microbiome,urban,,handrail
5106-CEM-0442,london,LON,above_ground_open,,CSD17,environmental_microbiome,urban,,handrail
5106-CEM-0443,london,LON,above_ground_open,,CSD17,environmental_microbiome,urban,,handrail
5106-CEM-0444,london,LON,above_ground_open,,CSD17,environmental_microbiome,urban,,bench
5106-CEM-0445,london,LON,above_ground_open,,CSD17,environmental_microbiome,urban,,bench
5106-CEM-0446,london,LON,above_ground_open,,CSD17,environmental_microbiome,urban,,bench
5106-CEM-0447,london,LON,above_ground_open,,CSD17,environmental_microbiome,urban,,bench
5106-CEM-0448,london,LON,above_ground_open,,CSD17,environmental_microbiome,urban,,bench
5106-CEM-0449,london,LON,above_ground_open,,CSD17,environmental_microbiome,urban,,bench
5106-CEM-0450,london,LON,under_ground,,CSD17,environmental_microbiome,urban,,bench
5106-CEM-0451,london,LON,under_ground,,CSD17,environmental_microbiome,urban,,bench
5106-CEM-0452,london,LON,under_ground,,CSD17,environmental_microbiome,urban,,bench
5106-CEM-0453,london,LON,under_ground,,CSD17,environmental_microbiome,urban,,bench
5106-CEM-0454,london,LON,under_ground,,CSD17,environmental_microbiome,urban,,bench
5106-CEM-0455,london,LON,under_ground,,CSD17,environmental_microbiome,urban,,bench
5106-CEM-0456,london,LON,under_ground,,CSD17,environmental_microbiome,urban,,bench
5106-CEM-0457,london,LON,under_ground,,CSD17,environmental_microbiome,urban,,bench
5106-CEM-0458,london,LON,under_ground,,CSD17,environmental_microbiome,urban,,bench
5106-CEM-0459,london,LON,under_ground,,CSD17,environmental_microbiome,urban,,bench
5106-CEM-0460,london,LON,under_ground,,CSD17,environmental_microbiome,urban,,bench
5106-CEM-0461,london,LON,under_ground,,CSD17,environmental_microbiome,urban,,bench
5106-CEM-0462,london,LON,under_ground,,CSD17,environmental_microbiome,urban,,bench
5106-CEM-0463,london,LON,under_ground,,CSD17,environmental_microbiome,urban,,bench
5106-CEM-0464,london,LON,under_ground,,CSD17,environmental_microbiome,urban,,bench
5106-CEM-0465,london,LON,under_ground,,CSD17,environmental_microbiome,urban,,bench
5106-CEM-0466,london,LON,above_ground_open,,CSD17,environmental_microbiome,urban,,bench
5106-CEM-0467,london,LON,,,CSD17,environmental_microbiome,,,
5106-CEM-0468,london,LON,,,CSD17,environmental_microbiome,,,
5106-CEM-0469,london,LON,,,CSD17,environmental_microbiome,,,
5106-CEM-0470,london,LON,,,CSD17,environmental_microbiome,,,
5106-CEM-0471,london,LON,above_ground_open,,CSD17,environmental_microbiome,urban,,bench
5106-CEM-0472,london,LON,above_ground_open,,CSD17,environmental_microbiome,urban,,bench
5106-CEM-0473,london,LON,above_ground_open,,CSD17,environmental_microbiome,urban,,bench
5106-CEM-0474,london,LON,above_ground_open,,CSD17,environmental_microbiome,urban,,bench
5106-CEM-0475,london,LON,under_ground,,CSD17,environmental_microbiome,urban,,bench
5106-CEM-0476,london,LON,under_ground,,CSD17,environmental_microbiome,urban,,bench
5106-CEM-0477,london,LON,under_ground,,CSD17,environmental_microbiome,urban,,bench
5106-CEM-0478,london,LON,under_ground,,CSD17,environmental_microbiome,urban,,bench
5106-CEM-0479,london,LON,under_ground,,CSD17,environmental_microbiome,urban,,bench
5106-CEM-0480,london,LON,above_ground_open,,CSD17,environmental_microbiome,urban,,bench
5106-CEM-0481,london,LON,above_ground_open,,CSD17,environmental_microbiome,urban,,bench
5106-CEM-0482,london,LON,above_ground_open,,CSD17,environmental_microbiome,urban,,bench
5106-CEM-0483,london,LON,above_ground_open,,CSD17,environmental_microbiome,urban,,bench
5106-CEM-0484,london,LON,above_ground_open,,CSD17,environmental_microbiome,urban,,bench
5106-CEM-0485,london,LON,above_ground_open,,CSD17,environmental_microbiome,urban,,bench
5106-CEM-0486,london,LON,above_ground_open,,CSD17,environmental_microbiome,urban,,bench
5106-CEM-0487,london,LON,above_ground_open,,CSD17,environmental_microbiome,urban,,ticket_machine
5106-CEM-0488,london,LON,above_ground_open,,CSD17,environmental_microbiome,urban,,ticket_machine
5106-CEM-0489,london,LON,above_ground_open,,CSD17,environmental_microbiome,urban,,ticket_machine
5106-CEM-0490,london,LON,above_ground_open,,CSD17,environmental_microbiome,urban,,ticket_machine
5106-CEM-0491,london,LON,above_ground_open,,CSD17,environmental_microbiome,urban,,ticket_machine
5106-CEM-0492,london,LON,above_ground_open,,CSD17,environmental_microbiome,urban,,ticket_machine
5106-CEM-0493,london,LON,under_ground,,CSD17,environmental_microbiome,urban,,ticket_machine
5106-CEM-0494,london,LON,under_ground,,CSD17,environmental_microbiome,urban,,ticket_machine
5106-CEM-0495,london,LON,under_ground,,CSD17,environmental_microbiome,urban,,ticket_machine
5106-CEM-0496,london,LON,under_ground,,CSD17,environmental_microbiome,urban,,ticket_machine
5106-CEM-0497,london,LON,under_ground,,CSD17,environmental_microbiome,urban,,ticket_machine
5106-CEM-0498,london,LON,under_ground,,CSD17,environmental_microbiome,urban,,ticket_machine
5106-CEM-0499,london,LON,under_ground,,CSD17,environmental_microbiome,urban,,ticket_machine
5106-CEM-0500,london,LON,under_ground,,CSD17,environmental_microbiome,urban,,ticket_machine
5106-CEM-0501,london,LON,under_ground,,CSD17,environmental_microbiome,urban,,ticket_machine
5106-CEM-0502,london,LON,under_ground,,CSD17,environmental_microbiome,urban,,ticket_machine
5106-CEM-0503,london,LON,under_ground,,CSD17,environmental_microbiome,urban,,ticket_machine
5106-CEM-0504,london,LON,under_ground,,CSD17,environmental_microbiome,urban,,ticket_machine
5106-CEM-0505,london,LON,under_ground,,CSD17,environmental_microbiome,urban,,ticket_machine
5106-CEM-0506,london,LON,under_ground,,CSD17,environmental_microbiome,urban,,ticket_machine
5106-CEM-0507,london,LON,under_ground,,CSD17,environmental_microbiome,urban,,ticket_machine
5106-CEM-0508,london,LON,under_ground,,CSD17,environmental_microbiome,urban,,ticket_machine
5106-CEM-0509,london,LON,under_ground,,CSD17,environmental_microbiome,urban,,ticket_machine
5106-CEM-0510,london,LON,under_ground,,CSD17,environmental_microbiome,urban,,ticket_machine
5106-CEM-0511,london,LON,under_ground,,CSD17,environmental_microbiome,urban,,ticket_machine
5106-CEM-0512,london,LON,above_ground_open,,CSD17,environmental_microbiome,urban,,ticket_machine
5106-CEM-0513,london,LON,above_ground_open,,CSD17,environmental_microbiome,urban,,ticket_machine
5106-CEM-0514,london,LON,above_ground_open,,CSD17,environmental_microbiome,urban,,ticket_machine
5106-CEM-0515,london,LON,above_ground_open,,CSD17,environmental_microbiome,urban,,ticket_machine
5106-CEM-0516,london,LON,above_ground_open,,CSD17,environmental_microbiome,urban,,ticket_machine
5106-CEM-0517,london,LON,above_ground_open,,CSD17,environmental_microbiome,urban,,ticket_machine
5106-CEM-0518,london,LON,above_ground_open,,CSD17,environmental_microbiome,urban,,ticket_machine
5106-CEM-0519,london,LON,under_ground,,CSD17,environmental_microbiome,urban,,ticket_machine
5106-CEM-0520,london,LON,under_ground,,CSD17,environmental_microbiome,urban,,ticket_machine
5106-CEM-0521,london,LON,under_ground,,CSD17,environmental_microbiome,urban,,ticket_machine
5106-CEM-0522,london,LON,under_ground,,CSD17,environmental_microbiome,urban,,ticket_machine
5106-CEM-0523,london,LON,,,CSD17,environmental_microbiome,,,
5106-CEM-0524,london,LON,,,CSD17,environmental_microbiome,,,
5106-CEM-0525,london,LON,,,CSD17,environmental_microbiome,,,
5106-CEM-0526,london,LON,,,CSD17,environmental_microbiome,,,
5106-CEM-0527,london,LON,under_ground,,CSD17,environmental_microbiome,urban,,ticket_machine
5106-CEM-0528,london,LON,above_ground_open,,CSD17,environmental_microbiome,urban,,handrail
5106-CEM-0529,london,LON,above_ground_open,,CSD17,environmental_microbiome,urban,,handrail
5106-CEM-0530,london,LON,above_ground_open,,CSD17,environmental_microbiome,urban,,handrail
5106-CEM-0531,london,LON,above_ground_open,,CSD17,environmental_microbiome,urban,,handrail
5106-CEM-0532,london,LON,above_ground_open,,CSD17,environmental_microbiome,urban,,handrail
5106-CEM-0533,london,LON,above_ground_open,,CSD17,environmental_microbiome,urban,,handrail
5106-CEM-0534,london,LON,under_ground,,CSD17,environmental_microbiome,urban,,escalator_handrail
5106-CEM-0535,london,LON,under_ground,,CSD17,environmental_microbiome,urban,,escalator_handrail
5106-CEM-0536,london,LON,under_ground,,CSD17,environmental_microbiome,urban,,handrail
5106-CEM-0537,london,LON,under_ground,,CSD17,environmental_microbiome,urban,,escalator_handrail
5106-CEM-0538,london,LON,under_ground,,CSD17,environmental_microbiome,urban,,handrail
5106-CEM-0539,london,LON,under_ground,,CSD17,environmental_microbiome,urban,,handrail
5106-CEM-0540,london,LON,under_ground,,CSD17,environmental_microbiome,urban,,escalator_handrail
5106-CEM-0541,london,LON,under_ground,,CSD17,environmental_microbiome,urban,,handrail
5106-CEM-0542,london,LON,under_ground,,CSD17,environmental_microbiome,urban,,escalator_handrail
5106-CEM-0543,london,LON,under_ground,,CSD17,environmental_microbiome,urban,,handrail
5106-CEM-0544,london,LON,under_ground,,CSD17,environmental_microbiome,urban,,handrail
5106-CEM-0545,london,LON,under_ground,,CSD17,environmental_microbiome,urban,,escalator_handrail
5106-CEM-0546,london,LON,under_ground,,CSD17,environmental_microbiome,urban,,handrail
5106-CEM-0547,london,LON,under_ground,,CSD17,environmental_microbiome,urban,,handrail
5106-CEM-0548,london,LON,under_ground,,CSD17,environmental_microbiome,urban,,handrail
5106-CEM-0549,london,LON,under_ground,,CSD17,environmental_microbiome,urban,,handrail
5106-CEM-0550,london,LON,under_ground,,CSD17,environmental_microbiome,urban,,escalator_handrail
5106-CEM-0551,london,LON,under_ground,,CSD17,environmental_microbiome,urban,,handrail
5106-CEM-0552,london,LON,under_ground,,CSD17,environmental_microbiome,urban,,escalator_handrail
5106-CEM-0553,london,LON,under_ground,,CSD17,environmental_microbiome,urban,,escalator_handrail
5106-CEM-0554,london,LON,under_ground,,CSD17,environmental_microbiome,urban,,escalator_handrail
5106-CEM-0555,london,LON,under_ground,,CSD17,environmental_microbiome,urban,,escalator_handrail
5106-CEM-0556,london,LON,under_ground,,CSD17,environmental_microbiome,urban,,handrail
5106-CEM-0557,london,LON,under_ground,,CSD17,environmental_microbiome,urban,,escalator_handrail
5106-CEM-0558,london,LON,under_ground,,CSD17,environmental_microbiome,urban,,escalator_handrail
5106-CEM-0559,london,LON,under_ground,,CSD17,environmental_microbiome,urban,,escalator_handrail
5106-CEM-0560,london,LON,above_ground_open,,CSD17,environmental_microbiome,urban,,handrail
5106-CEM-0561,london,LON,above_ground_open,,CSD17,environmental_microbiome,urban,,handrail
5106-CEM-0562,london,LON,above_ground_open,,CSD17,environmental_microbiome,urban,,handrail
5106-CEM-0563,london,LON,above_ground_open,,CSD17,environmental_microbiome,urban,,handrail
5106-CEM-0564,london,LON,above_ground_open,,CSD17,environmental_microbiome,urban,,handrail
5106-CEM-0565,london,LON,above_ground_open,,CSD17,environmental_microbiome,urban,,handrail
5106-CEM-0566,london,LON,above_ground_open,,CSD17,environmental_microbiome,urban,,handrail
5106-CEM-0567,london,LON,under_ground,,CSD17,environmental_microbiome,urban,,handrail
5106-CEM-0568,london,LON,under_ground,,CSD17,environmental_microbiome,urban,,handrail
5106-CEM-0569,london,LON,under_ground,,CSD17,environmental_microbiome,urban,,handrail
5106-CEM-0570,london,LON,under_ground,,CSD17,environmental_microbiome,urban,,handrail
5106-CEM-0571,london,LON,under_ground,,CSD17,environmental_microbiome,urban,,handrail
5106-CEM-0572,london,LON,under_ground,,CSD17,environmental_microbiome,urban,,handrail
5106-CEM-0573,london,LON,under_ground,,CSD17,environmental_microbiome,urban,,escalator_handrail
5106-CEM-0574,london,LON,under_ground,,CSD17,environmental_microbiome,urban,,handrail
5106-CEM-0575,london,LON,under_ground,,CSD17,environmental_microbiome,urban,,escalator_handrail
5106-CEM-0576,london,LON,under_ground,,CSD17,environmental_microbiome,urban,,escalator_handrail
5106-CEM-0577,london,LON,above_ground_open,,CSD17,environmental_microbiome,urban,,bench
5106-CEM-0578,london,LON,above_ground_open,,CSD17,environmental_microbiome,urban,,bench
5106-CEM-0579,london,LON,above_ground_open,,CSD17,environmental_microbiome,urban,,bench
5106-CEM-0580,london,LON,above_ground_open,,CSD17,environmental_microbiome,urban,,bench
5106-CEM-0581,london,LON,above_ground_open,,CSD17,environmental_microbiome,urban,,bench
5106-CEM-0582,london,LON,above_ground_open,,CSD17,environmental_microbiome,urban,,bench
5106-CEM-0583,london,LON,under_ground,,CSD17,environmental_microbiome,urban,,bench
5106-CEM-0584,london,LON,under_ground,,CSD17,environmental_microbiome,urban,,bench
5106-CEM-0585,london,LON,under_ground,,CSD17,environmental_microbiome,urban,,bench
5106-CEM-0586,london,LON,under_ground,,CSD17,environmental_microbiome,urban,,bench
5106-CEM-0587,london,LON,under_ground,,CSD17,environmental_microbiome,urban,,bench
5106-CEM-0588,london,LON,under_ground,,CSD17,environmental_microbiome,urban,,bench
5106-CEM-0589,london,LON,under_ground,,CSD17,environmental_microbiome,urban,,bench
5106-CEM-0590,london,LON,under_ground,,CSD17,environmental_microbiome,urban,,bench
5106-CEM-0591,london,LON,under_ground,,CSD17,environmental_microbiome,urban,,bench
5106-CEM-0592,london,LON,under_ground,,CSD17,environmental_microbiome,urban,,bench
5106-CEM-0593,london,LON,under_ground,,CSD17,environmental_microbiome,urban,,bench
5106-CEM-0594,london,LON,under_ground,,CSD17,environmental_microbiome,urban,,handrail
5106-CEM-0595,london,LON,under_ground,,CSD17,environmental_microbiome,urban,,bench
5106-CEM-0596,london,LON,under_ground,,CSD17,environmental_microbiome,urban,,bench
5106-CEM-0597,london,LON,under_ground,,CSD17,environmental_microbiome,urban,,bench
5106-CEM-0598,london,LON,under_ground,,CSD17,environmental_microbiome,urban,,bench
5106-CEM-0599,london,LON,under_ground,,CSD17,environmental_microbiome,urban,,bench
5106-CEM-0600,london,LON,under_ground,,CSD17,environmental_microbiome,urban,,bench
5106-CEM-0601,london,LON,under_ground,,CSD17,environmental_microbiome,urban,,bench
5106-CEM-0602,london,LON,under_ground,,CSD17,environmental_microbiome,urban,,bench
5106-CEM-0603,london,LON,under_ground,,CSD17,environmental_microbiome,urban,,bench
5106-CEM-0604,london,LON,under_ground,,CSD17,environmental_microbiome,urban,,bench
5106-CEM-0605,london,LON,under_ground,,CSD17,environmental_microbiome,urban,,bench
5106-CEM-0606,london,LON,under_ground,,CSD17,environmental_microbiome,urban,,bench
5106-CEM-0607,london,LON,under_ground,,CSD17,environmental_microbiome,urban,,bench
5106-CEM-0608,london,LON,under_ground,,CSD17,environmental_microbiome,urban,,bench
5106-CEM-0609,london,LON,above_ground_open,,CSD17,environmental_microbiome,urban,,bench
5106-CEM-0610,london,LON,above_ground_open,,CSD17,environmental_microbiome,urban,,bench
5106-CEM-0611,london,LON,above_ground_open,,CSD17,environmental_microbiome,urban,,bench
5106-CEM-0612,london,LON,above_ground_open,,CSD17,environmental_microbiome,urban,,bench
5106-CEM-0613,london,LON,above_ground_open,,CSD17,environmental_microbiome,urban,,bench
5106-CEM-0614,london,LON,above_ground_open,,CSD17,environmental_microbiome,urban,,bench
5106-CEM-0615,london,LON,above_ground_open,,CSD17,environmental_microbiome,urban,,bench
5106-CEM-0616,london,LON,under_ground,,CSD17,environmental_microbiome,urban,,bench
5106-CEM-0617,london,LON,under_ground,,CSD17,environmental_microbiome,urban,,bench
5106-CEM-0618,london,LON,under_ground,,CSD17,environmental_microbiome,urban,,bench
5106-CEM-0619,london,LON,under_ground,,CSD17,environmental_microbiome,urban,,bench
5106-CEM-0620,london,LON,under_ground,,CSD17,environmental_microbiome,urban,,bench
5106-CEM-0621,london,LON,under_ground,,CSD17,environmental_microbiome,urban,,bench
5106-CEM-0622,london,LON,under_ground,,CSD17,environmental_microbiome,urban,,bench
5106-CEM-0623,london,LON,under_ground,,CSD17,environmental_microbiome,urban,,bench
5106-CEM-0624,london,LON,under_ground,,CSD17,environmental_microbiome,urban,,bench
5106-CEM-0625,london,LON,under_ground,,CSD17,environmental_microbiome,urban,,bench
5106-CEM-0626,london,LON,above_ground_open,,CSD17,environmental_microbiome,urban,,ticket_machine
5106-CEM-0627,london,LON,above_ground_open,,CSD17,environmental_microbiome,urban,,ticket_machine
5106-CEM-0628,london,LON,above_ground_open,,CSD17,environmental_microbiome,urban,,ticket_machine
5106-CEM-0629,london,LON,above_ground_open,,CSD17,environmental_microbiome,urban,,ticket_machine
5106-CEM-0630,london,LON,above_ground_open,,CSD17,environmental_microbiome,urban,,ticket_machine
5106-CEM-0631,london,LON,above_ground_open,,CSD17,environmental_microbiome,urban,,ticket_machine
5106-CEM-0632,london,LON,above_ground_open,,CSD17,environmental_microbiome,urban,,ticket_machine
5106-CEM-0633,london,LON,above_ground_open,,CSD17,environmental_microbiome,urban,,ticket_machine
5106-CEM-0634,london,LON,above_ground_open,,CSD17,environmental_microbiome,urban,,ticket_machine
5106-CEM-0635,london,LON,above_ground_open,,CSD17,environmental_microbiome,urban,,ticket_machine
5106-CEM-0636,london,LON,under_ground,,CSD17,environmental_microbiome,urban,,ticket_machine
5106-CEM-0637,london,LON,under_ground,,CSD17,environmental_microbiome,urban,,ticket_machine
5106-CEM-0638,london,LON,under_ground,,CSD17,environmental_microbiome,urban,,ticket_machine
5106-CEM-0639,london,LON,under_ground,,CSD17,environmental_microbiome,urban,,ticket_machine
5106-CEM-0640,london,LON,under_ground,,CSD17,environmental_microbiome,urban,,ticket_machine
5106-CEM-0641,london,LON,under_ground,,CSD17,environmental_microbiome,urban,,ticket_machine
5106-CEM-0642,london,LON,under_ground,,CSD17,environmental_microbiome,urban,,ticket_machine
5106-CEM-0643,london,LON,under_ground,,CSD17,environmental_microbiome,urban,,ticket_machine
5106-CEM-0644,london,LON,under_ground,,CSD17,environmental_microbiome,urban,,ticket_machine
5106-CEM-0645,london,LON,under_ground,,CSD17,environmental_microbiome,urban,,ticket_machine
5106-CEM-0646,london,LON,under_ground,,CSD17,environmental_microbiome,urban,,ticket_machine
5106-CEM-0647,london,LON,under_ground,,CSD17,environmental_microbiome,urban,,ticket_machine
5106-CEM-0648,london,LON,under_ground,,CSD17,environmental_microbiome,urban,,ticket_machine
5106-CEM-0649,london,LON,above_ground_open,,CSD17,environmental_microbiome,urban,,handrail
5106-CEM-0650,london,LON,above_ground_open,,CSD17,environmental_microbiome,urban,,handrail
5106-CEM-0651,london,LON,above_ground_open,,CSD17,environmental_microbiome,urban,,handrail
5106-CEM-0652,london,LON,above_ground_open,,CSD17,environmental_microbiome,urban,,handrail
5106-CEM-0653,london,LON,above_ground_open,,CSD17,environmental_microbiome,urban,,handrail
5106-CEM-0654,london,LON,above_ground_open,,CSD17,environmental_microbiome,urban,,handrail
5106-CEM-0655,london,LON,above_ground_open,,CSD17,environmental_microbiome,urban,,handrail
5106-CEM-0656,london,LON,above_ground_open,,CSD17,environmental_microbiome,urban,,handrail
5106-CEM-0657,london,LON,above_ground_open,,CSD17,environmental_microbiome,urban,,handrail
5106-CEM-0658,london,LON,above_ground_open,,CSD17,environmental_microbiome,urban,,handrail
5106-CEM-0659,london,LON,under_ground,,CSD17,environmental_microbiome,urban,,escalator_handrail
5106-CEM-0660,london,LON,under_ground,,CSD17,environmental_microbiome,urban,,escalator_handrail
5106-CEM-0661,london,LON,under_ground,,CSD17,environmental_microbiome,urban,,escalator_handrail
5106-CEM-0662,london,LON,under_ground,,CSD17,environmental_microbiome,urban,,escalator_handrail
5106-CEM-0663,london,LON,under_ground,,CSD17,environmental_microbiome,urban,,handrail
5106-CEM-0664,london,LON,under_ground,,CSD17,environmental_microbiome,urban,,handrail
5106-CEM-0665,london,LON,under_ground,,CSD17,environmental_microbiome,urban,,handrail
5106-CEM-0666,london,LON,under_ground,,CSD17,environmental_microbiome,urban,,handrail
5106-CEM-0667,london,LON,under_ground,,CSD17,environmental_microbiome,urban,,handrail
5106-CEM-0668,london,LON,under_ground,,CSD17,environmental_microbiome,urban,,handrail
5106-CEM-0669,london,LON,under_ground,,CSD17,environmental_microbiome,urban,,handrail
5106-CEM-0670,london,LON,under_ground,,CSD17,environmental_microbiome,urban,,handrail
5106-CEM-0671,london,LON,under_ground,,CSD17,environmental_microbiome,urban,,escalator_handrail
5106-CEM-0672,london,LON,under_ground,,CSD17,environmental_microbiome,urban,,handrail
5106-CEM-0673,london,LON,under_ground,,CSD17,environmental_microbiome,urban,,handrail
5106-CEM-0674,london,LON,above_ground_open,,CSD17,environmental_microbiome,urban,,bench
5106-CEM-0675,london,LON,above_ground_open,,CSD17,environmental_microbiome,urban,,bench
5106-CEM-0676,london,LON,above_ground_open,,CSD17,environmental_microbiome,urban,,bench
5106-CEM-0677,london,LON,,,CSD17,environmental_microbiome,,,
5106-CEM-0678,london,LON,,,CSD17,environmental_microbiome,,,
5106-CEM-0679,london,LON,,,CSD17,environmental_microbiome,,,
5106-CEM-0680,london,LON,,,CSD17,environmental_microbiome,,,
5106-CEM-0681,london,LON,above_ground_open,,CSD17,environmental_microbiome,urban,,bench
5106-CEM-0682,london,LON,above_ground_open,,CSD17,environmental_microbiome,urban,,bench
5106-CEM-0683,london,LON,above_ground_open,,CSD17,environmental_microbiome,urban,,bench
5106-CEM-0684,london,LON,above_ground_open,,CSD17,environmental_microbiome,urban,,bench
5106-CEM-0685,london,LON,above_ground_open,,CSD17,environmental_microbiome,urban,,bench
5106-CEM-0686,london,LON,above_ground_open,,CSD17,environmental_microbiome,urban,,bench
5106-CEM-0687,london,LON,above_ground_open,,CSD17,environmental_microbiome,urban,,bench
5106-CEM-0688,london,LON,under_ground,,CSD17,environmental_microbiome,urban,,bench
5106-CEM-0689,london,LON,under_ground,,CSD17,environmental_microbiome,urban,,bench
5106-CEM-0690,london,LON,under_ground,,CSD17,environmental_microbiome,urban,,bench
5106-CEM-0691,london,LON,under_ground,,CSD17,environmental_microbiome,urban,,bench
5106-CEM-0692,london,LON,under_ground,,CSD17,environmental_microbiome,urban,,bench
5106-CEM-0693,london,LON,under_ground,,CSD17,environmental_microbiome,urban,,bench
5106-CEM-0694,london,LON,under_ground,,CSD17,environmental_microbiome,urban,,bench
5106-CEM-0695,london,LON,under_ground,,CSD17,environmental_microbiome,urban,,bench
5106-CEM-0696,london,LON,under_ground,,CSD17,environmental_microbiome,urban,,bench
5106-CEM-0697,london,LON,under_ground,,CSD17,environmental_microbiome,urban,,bench
5106-CEM-0698,london,LON,under_ground,,CSD17,environmental_microbiome,urban,,bench
5106-CEM-0699,london,LON,under_ground,,CSD17,environmental_microbiome,urban,,bench
5106-CEM-0700,london,LON,under_ground,,CSD17,environmental_microbiome,urban,,bench
5106-CEM-0701,london,LON,under_ground,,CSD17,environmental_microbiome,urban,,bench
5106-CEM-0702,london,LON,under_ground,,CSD17,environmental_microbiome,urban,,bench
5106-CEM-0703,london,LON,above_ground_open,,CSD17,environmental_microbiome,urban,,ticket_machine
5106-CEM-0704,london,LON,above_ground_open,,CSD17,environmental_microbiome,urban,,ticket_machine
5106-CEM-0705,london,LON,above_ground_open,,CSD17,environmental_microbiome,urban,,ticket_machine
5106-CEM-0706,london,LON,under_ground,,CSD17,environmental_microbiome,urban,,ticket_machine
5106-CEM-0707,london,LON,under_ground,,CSD17,environmental_microbiome,urban,,ticket_machine
5106-CEM-0708,london,LON,under_ground,,CSD17,environmental_microbiome,urban,,ticket_machine
5106-CEM-0709,london,LON,under_ground,,CSD17,environmental_microbiome,urban,,ticket_machine
5106-CEM-0710,london,LON,under_ground,,CSD17,environmental_microbiome,urban,,ticket_machine
5106-CEM-0711,london,LON,under_ground,,CSD17,environmental_microbiome,urban,,ticket_machine
5106-CEM-0712,london,LON,under_ground,,CSD17,environmental_microbiome,urban,,ticket_machine
5106-CEM-0713,london,LON,above_ground_open,,CSD17,environmental_microbiome,urban,,handrail
5106-CEM-0714,london,LON,above_ground_open,,CSD17,environmental_microbiome,urban,,handrail
5106-CEM-0715,london,LON,above_ground_open,,CSD17,environmental_microbiome,urban,,handrail
5106-CEM-0716,london,LON,above_ground_open,,CSD17,environmental_microbiome,urban,,handrail
5106-CEM-0717,london,LON,above_ground_open,,CSD17,environmental_microbiome,urban,,handrail
5106-CEM-0718,london,LON,,,CSD17,environmental_microbiome,,,
5106-CEM-0719,london,LON,,,CSD17,environmental_microbiome,,,
5106-CEM-0720,london,LON,,,CSD17,environmental_microbiome,,,
5106-CEM-0721,london,LON,,,CSD17,environmental_microbiome,,,
5106-CEM-0722,london,LON,under_ground,,CSD17,environmental_microbiome,urban,,handrail
5106-CEM-0723,london,LON,under_ground,,CSD17,environmental_microbiome,urban,,handrail
5106-CEM-0724,london,LON,under_ground,,CSD17,environmental_microbiome,urban,,handrail
5106-CEM-0725,london,LON,under_ground,,CSD17,environmental_microbiome,urban,,handrail
5106-CEM-0726,london,LON,under_ground,,CSD17,environmental_microbiome,urban,,handrail
5106-CEM-0727,london,LON,under_ground,,CSD17,environmental_microbiome,urban,,handrail
5106-CEM-0728,london,LON,under_ground,,CSD17,environmental_microbiome,urban,,handrail
5106-CEM-0729,london,LON,under_ground,,CSD17,environmental_microbiome,urban,,handrail
5106-CEM-0730,london,LON,under_ground,,CSD17,environmental_microbiome,urban,,handrail
5106-CEM-0731,london,LON,above_ground_open,,CSD17,environmental_microbiome,urban,,bench
5106-CEM-0732,london,LON,above_ground_open,,CSD17,environmental_microbiome,urban,,bench
5106-CEM-0733,london,LON,above_ground_open,,CSD17,environmental_microbiome,urban,,bench
5106-CEM-0734,london,LON,above_ground_open,,CSD17,environmental_microbiome,urban,,bench
5106-CEM-0735,london,LON,above_ground_open,,CSD17,environmental_microbiome,urban,,bench
5106-CEM-0736,london,LON,under_ground,,CSD17,environmental_microbiome,urban,,bench
5106-CEM-0737,london,LON,under_ground,,CSD17,environmental_microbiome,urban,,bench
5106-CEM-0738,london,LON,under_ground,,CSD17,environmental_microbiome,urban,,bench
5106-CEM-0739,london,LON,under_ground,,CSD17,environmental_microbiome,urban,,bench
5106-CEM-0740,london,LON,under_ground,,CSD17,environmental_microbiome,urban,,bench
5106-CEM-0741,london,LON,under_ground,,CSD17,environmental_microbiome,urban,,bench
5106-CEM-0742,london,LON,under_ground,,CSD17,environmental_microbiome,urban,,bench
5106-CEM-0743,london,LON,under_ground,,CSD17,environmental_microbiome,urban,,bench
5106-CEM-0744,london,LON,under_ground,,CSD17,environmental_microbiome,urban,,bench
5106-CEM-0745,london,LON,under_ground,,CSD17,environmental_microbiome,urban,,ticket_machine
5106-CEM-0746,london,LON,under_ground,,CSD17,environmental_microbiome,urban,,ticket_machine
5106-CEM-0747,london,LON,under_ground,,CSD17,environmental_microbiome,urban,,ticket_machine
5106-CEM-0748,london,LON,under_ground,,CSD17,environmental_microbiome,urban,,ticket_machine
5106-CEM-0749,london,LON,under_ground,,CSD17,environmental_microbiome,urban,,ticket_machine
5106-CEM-0750,london,LON,under_ground,,CSD17,environmental_microbiome,urban,,ticket_machine
5106-CEM-0751,london,LON,under_ground,,CSD17,environmental_microbiome,urban,,ticket_machine
5106-CEM-0752,london,LON,under_ground,,CSD17,environmental_microbiome,urban,,ticket_machine
5106-CEM-0753,london,LON,under_ground,,CSD17,environmental_microbiome,urban,,ticket_machine
5106-CEM-0754,london,LON,under_ground,,CSD17,environmental_microbiome,urban,,ticket_machine
5106-CEM-0755,london,LON,under_ground,,CSD17,environmental_microbiome,urban,,ticket_machine
5106-CEM-0756,london,LON,under_ground,,CSD17,environmental_microbiome,urban,,ticket_machine
5106-CEM-0757,london,LON,under_ground,,CSD17,environmental_microbiome,urban,,ticket_machine
5106-CEM-0758,london,LON,under_ground,,CSD17,environmental_microbiome,urban,,ticket_machine
5106-CEM-0759,london,LON,under_ground,,CSD17,environmental_microbiome,urban,,ticket_machine
5106-CEM-0760,london,LON,under_ground,,CSD17,environmental_microbiome,urban,,ticket_machine
5106-CEM-0761,london,LON,under_ground,,CSD17,environmental_microbiome,urban,,escalator_handrail
5106-CEM-0762,london,LON,under_ground,,CSD17,environmental_microbiome,urban,,escalator_handrail
5106-CEM-0763,london,LON,under_ground,,CSD17,environmental_microbiome,urban,,escalator_handrail
5106-CEM-0764,london,LON,under_ground,,CSD17,environmental_microbiome,urban,,handrail
5106-CEM-0765,london,LON,under_ground,,CSD17,environmental_microbiome,urban,,-
5106-CEM-0766,london,LON,under_ground,,CSD17,environmental_microbiome,urban,,escalator_handrail
5106-CEM-0767,london,LON,under_ground,,CSD17,environmental_microbiome,urban,,escalator_handrail
5106-CEM-0768,london,LON,under_ground,,CSD17,environmental_microbiome,urban,,-
5106-CEM-0769,london,LON,under_ground,,CSD17,environmental_microbiome,urban,,escalator_handrail
5106-CEM-0770,london,LON,under_ground,,CSD17,environmental_microbiome,urban,,-
5106-CEM-0771,london,LON,under_ground,,CSD17,environmental_microbiome,urban,,escalator_handrail
5106-CEM-0772,london,LON,under_ground,,CSD17,environmental_microbiome,urban,,escalator_handrail
5106-CEM-0773,london,LON,under_ground,,CSD17,environmental_microbiome,urban,,escalator_handrail
5106-CEM-0774,london,LON,under_ground,,CSD17,environmental_microbiome,urban,,escalator_handrail
5106-CEM-0775,london,LON,under_ground,,CSD17,environmental_microbiome,urban,,escalator_handrail
5106-CEM-0776,london,LON,under_ground,,CSD17,environmental_microbiome,urban,,bench
5106-CEM-0777,london,LON,under_ground,,CSD17,environmental_microbiome,urban,,bench
5106-CEM-0778,london,LON,under_ground,,CSD17,environmental_microbiome,urban,,bench
5106-CEM-0779,london,LON,under_ground,,CSD17,environmental_microbiome,urban,,bench
5106-CEM-0780,london,LON,under_ground,,CSD17,environmental_microbiome,urban,,bench
5106-CEM-0781,london,LON,under_ground,,CSD17,environmental_microbiome,urban,,bench
5106-CEM-0782,london,LON,under_ground,,CSD17,environmental_microbiome,urban,,bench
5106-CEM-0783,london,LON,under_ground,,CSD17,environmental_microbiome,urban,,bench
5106-CEM-0784,london,LON,under_ground,,CSD17,environmental_microbiome,urban,,bench
5106-CEM-0785,london,LON,under_ground,,CSD17,environmental_microbiome,urban,,bench
5106-CEM-0786,london,LON,under_ground,,CSD17,environmental_microbiome,urban,,bench
5106-CEM-0787,london,LON,under_ground,,CSD17,environmental_microbiome,urban,,bench
5106-CEM-0788,london,LON,under_ground,,CSD17,environmental_microbiome,urban,,bench
5106-CEM-0789,london,LON,under_ground,,CSD17,environmental_microbiome,urban,,bench
5106-CEM-0790,london,LON,under_ground,,CSD17,environmental_microbiome,urban,,bench
5106-CEM-0791,london,LON,under_ground,,CSD17,environmental_microbiome,urban,,bench
5106-CEM-0792,london,LON,under_ground,,CSD17,environmental_microbiome,urban,,ticket_machine
5106-CEM-0793,london,LON,under_ground,,CSD17,environmental_microbiome,urban,,ticket_machine
5106-CEM-0794,london,LON,under_ground,,CSD17,environmental_microbiome,urban,,ticket_machine
5106-CEM-0795,london,LON,under_ground,,CSD17,environmental_microbiome,urban,,ticket_machine
5106-CEM-0796,london,LON,under_ground,,CSD17,environmental_microbiome,urban,,handrail
5_2_1,berlin,BER,,,CSD16,environmental_microbiome,,,metal
5_2_2,berlin,BER,,,CSD16,environmental_microbiome,,,plastic
5_3_3,berlin,BER,,,CSD16,environmental_microbiome,,,plastic
5_4_1,berlin,BER,,,CSD16,environmental_microbiome,,,metal
5_4_2,berlin,BER,,,CSD16,environmental_microbiome,,,plastic
5_5_2,berlin,BER,,,CSD16,environmental_microbiome,,,plastic
5_6_1,berlin,BER,,,CSD16,environmental_microbiome,,,wood
5_6_2,berlin,BER,,,CSD16,environmental_microbiome,,,plastic
5_6_3,berlin,BER,,,CSD16,environmental_microbiome,,,plastic
5_7_2,berlin,BER,,,CSD16,environmental_microbiome,,,plastic
5_8_3,berlin,BER,,,CSD16,environmental_microbiome,,,plastic
5_9_1,berlin,BER,,,CSD16,environmental_microbiome,,,metal
5_9_2,berlin,BER,,,CSD16,environmental_microbiome,,,plastic
6_10_1,berlin,BER,,,CSD16,environmental_microbiome,,,
6_10_2,berlin,BER,,,CSD16,environmental_microbiome,,,
6_11_3,berlin,BER,,,CSD16,environmental_microbiome,,,
6_1_1,berlin,BER,,,CSD16,environmental_microbiome,,,
6_2_1,berlin,BER,,,CSD16,environmental_microbiome,,,
6_2_3,berlin,BER,,,CSD16,environmental_microbiome,,,
6_3_1,berlin,BER,,,CSD16,environmental_microbiome,,,
6_4_1,berlin,BER,,,CSD16,environmental_microbiome,,,
6_5_1,berlin,BER,,,CSD16,environmental_microbiome,,,
6_5_2,berlin,BER,,,CSD16,environmental_microbiome,,,
6_6_1,berlin,BER,,,CSD16,environmental_microbiome,,,
6_7_3,berlin,BER,,,CSD16,environmental_microbiome,,,
6_9_1,berlin,BER,,,CSD16,environmental_microbiome,,,
6_9_2,berlin,BER,,,CSD16,environmental_microbiome,,,
8_10_2,berlin,BER,,,CSD16,environmental_microbiome,,,
8_11_1,berlin,BER,,,CSD16,environmental_microbiome,,,
8_11_2,berlin,BER,,,CSD16,environmental_microbiome,,,
8_12_3,berlin,BER,,,CSD16,environmental_microbiome,,,
8_1_1,berlin,BER,,,CSD16,environmental_microbiome,,,
8_1_2,berlin,BER,,,CSD16,environmental_microbiome,,,
8_2_2,berlin,BER,,,CSD16,environmental_microbiome,,,
8_3_3,berlin,BER,,,CSD16,environmental_microbiome,,,
8_4_2,berlin,BER,,,CSD16,environmental_microbiome,,,
8_5_3,berlin,BER,,,CSD16,environmental_microbiome,,,
8_6_3,berlin,BER,,,CSD16,environmental_microbiome,,,
8_7_1,berlin,BER,,,CSD16,environmental_microbiome,,,
8_7_2,berlin,BER,,,CSD16,environmental_microbiome,,,
8_8_1,berlin,BER,,,CSD16,environmental_microbiome,,,
8_8_3,berlin,BER,,,CSD16,environmental_microbiome,,,
8_9_1,berlin,BER,,,CSD16,environmental_microbiome,,,
8_9_3,berlin,BER,,,CSD16,environmental_microbiome,,,
CSD16-AKL-002,auckland,AKL,,,,environmental_microbiome,urban,,glass
CSD16-AKL-003,auckland,AKL,,,,environmental_microbiome,urban,,metal
CSD16-AKL-006,auckland,AKL,,,,environmental_microbiome,urban,,metal
CSD16-AKL-007,auckland,AKL,,,,environmental_microbiome,urban,,wood
CSD16-AKL-008,auckland,AKL,,,,environmental_microbiome,urban,,glass
CSD16-AKL-012,auckland,AKL,,,,environmental_microbiome,urban,,metal
CSD16-AKL-014,auckland,AKL,,,,environmental_microbiome,,,
CSD16-AKL-026,auckland,AKL,,,,environmental_microbiome,,,
CSD16-AKL-040,auckland,AKL,,,,environmental_microbiome,,,
CSD16-AKL-046,auckland,AKL,,,,environmental_microbiome,,,
CSD16-AKL-050,auckland,AKL,,,,environmental_microbiome,,,
CSD16-AKL-053,auckland,AKL,,,,environmental_microbiome,,,
CSD16-AKL-054,auckland,AKL,,,,environmental_microbiome,,,
CSD16-AKL-060,auckland,AKL,,,,environmental_microbiome,,,
CSD16-AKL-NEG,auckland,AKL,,,,environmental_microbiome,,,
CSD16-BOG-012,bogota,BOG,,,,environmental_microbiome,,,stainless_steel
CSD16-BOG-013,bogota,BOG,,,,environmental_microbiome,,,metal
CSD16-BOG-014,bogota,BOG,,,,environmental_microbiome,,,
CSD16-BOG-015,bogota,BOG,,,,environmental_microbiome,,,glass
CSD16-BOG-016,bogota,BOG,,,,environmental_microbiome,,,stainless_steel
CSD16-BOG-017,bogota,BOG,,,,environmental_microbiome,,,
CSD16-BOG-018,bogota,BOG,,,,environmental_microbiome,,,stainless_steel
CSD16-BOG-019,bogota,BOG,,,,environmental_microbiome,,,metal
CSD16-BOG-020,bogota,BOG,,,,environmental_microbiome,,,vinyl
CSD16-BOG-033,bogota,BOG,,,,environmental_microbiome,,,glass
CSD16-BOG-034,bogota,BOG,,,,environmental_microbiome,,,stainless_steel
CSD16-BOG-038,bogota,BOG,,,,environmental_microbiome,,,
CSD16-BOG-039,bogota,BOG,,,,environmental_microbiome,,,
CSD16-BOG-091,bogota,BOG,,,,environmental_microbiome,,,glass
CSD16-BOG-093,bogota,BOG,,,,environmental_microbiome,,,vinyl
CSD16-BOG-NEGATIVE,bogota,BOG,,,,environmental_microbiome,,,
CSD16-FAI-0145,fairbanks,FAI,,,,environmental_microbiome,,wood_bench,wood
CSD16-FAI-0147,fairbanks,FAI,,,,environmental_microbiome,,wood_bench,wood
CSD16-FAI-0149,fairbanks,FAI,,,,environmental_microbiome,,wood_bench,wood
CSD16-FAI-0151,fairbanks,FAI,,,,environmental_microbiome,,wood_pillars,wood
CSD16-FAI-0154,fairbanks,FAI,,,,environmental_microbiome,,wood_pillars,wood
CSD16-FAI-0157,fairbanks,FAI,,,,environmental_microbiome,,metal_bench,metal
CSD16-FAI-0172,fairbanks,FAI,,,,environmental_microbiome,,metal_bench,metal
CSD16-FAI-0173,fairbanks,FAI,,,,environmental_microbiome,,metal_bench,metal
CSD16-FAI-0187,fairbanks,FAI,,,,environmental_microbiome,,plastic_bag_area,plastic
CSD16-FAI-0188,fairbanks,FAI,,,,environmental_microbiome,,floor,rubber
CSD16-FAI-0189,fairbanks,FAI,,,,environmental_microbiome,,yellow_tape,plastic
CSD16-FAI-0190,fairbanks,FAI,,,,environmental_microbiome,,purrell_box,plastic
CSD16-FAI-0195,fairbanks,FAI,,,,environmental_microbiome,,bench,wood
CSD16-FAI-0206,fairbanks,FAI,,,,environmental_microbiome,,jetway_1_seats_waiting_area,(faux?)_leather
CSD16-FAI-0209,fairbanks,FAI,,,,environmental_microbiome,,jetway_1_floor_(as_soon_as_step_out_of_plane),rubber
CSD16-FAI-0210,fairbanks,FAI,,,,environmental_microbiome,,in_front_of_gate_1_(by_seating_area),carpet
CSD16-FAI-0211,fairbanks,FAI,,,,environmental_microbiome,,handrail_by_gate_1,metal
CSD16-FAI-0212,fairbanks,FAI,,,,environmental_microbiome,,water_fountain_by_gate_2,metal
CSD16-FAI-0221,fairbanks,FAI,,,,environmental_microbiome,,women's_bathroom_(wash_basin)_and_sink_counter,metal_and_marble
CSD16-FAI-0222,fairbanks,FAI,,,,environmental_microbiome,,family_restroom_sink_counter,marble
CSD16-FAI-0357,fairbanks,FAI,,,,environmental_microbiome,,women's_bathroom_(handicapped_stall)_seat,
CSD16-FAI-0368,fairbanks,FAI,,,,environmental_microbiome,,family_restroom_sink_counter,
CSD16-FAI-0374,fairbanks,FAI,,,,environmental_microbiome,,family_restroom_floor,
CSD16-FAI-0381,fairbanks,FAI,,,,environmental_microbiome,,jetway_2_floor_(right_after_above_area),
CSD16-FAI-0405,fairbanks,FAI,,,,environmental_microbiome,,jetway_1_floor_(as_soon_as_step_out_of_plane),
CSD16-FAI-0607,fairbanks,FAI,,,,environmental_microbiome,,pole,
CSD16-FAI-0608,fairbanks,FAI,,,,environmental_microbiome,,seat,
CSD16-FAI-0609,fairbanks,FAI,,,,environmental_microbiome,,front_bar,
CSD16-FAI-0610,fairbanks,FAI,,,,environmental_microbiome,,pole_(right_side_of_door),
CSD16-FAI-0619,fairbanks,FAI,,,,environmental_microbiome,,pole,
CSD16-FAI-0621,fairbanks,FAI,,,,environmental_microbiome,,front_bar,
CSD16-FAI-0622,fairbanks,FAI,,,,environmental_microbiome,,pole,
CSD16-FAI-0630,fairbanks,FAI,,,,environmental_microbiome,,front_bar,
CSD16-FAI-0632,fairbanks,FAI,,,,environmental_microbiome,,purrell_box,
CSD16-FAI-0633,fairbanks,FAI,,,,environmental_microbiome,,yellow_tape,
CSD16-FAI-0634,fairbanks,FAI,,,,environmental_microbiome,,pole,
CSD16-FAI-0635,fairbanks,FAI,,,,environmental_microbiome,,yellow_tape,
CSD16-FAI-0643,fairbanks,FAI,,,,environmental_microbiome,,bench,
CSD16-FAI-0644,fairbanks,FAI,,,,environmental_microbiome,,bench,
CSD16-FAI-0645,fairbanks,FAI,,,,environmental_microbiome,,bench,
CSD16-FAI-0705B,fairbanks,FAI,,,,environmental_microbiome,,seat,fabric
CSD16-FAI-0706,fairbanks,FAI,,,,environmental_microbiome,,seat,fabric
CSD16-FAI-0708A,fairbanks,FAI,,,,environmental_microbiome,,yellow_tape,plastic
CSD16-FAI-0718,fairbanks,FAI,,,,environmental_microbiome,,getway_2_women's_restroom_sink,marble-like
CSD16-FAI-0719,fairbanks,FAI,,,,environmental_microbiome,,baggage_belt,metal
CSD16-FAI-0720,fairbanks,FAI,,,,environmental_microbiome,,handrail,metal
CSD16-FAI-0721,fairbanks,FAI,,,,environmental_microbiome,,jetway_wheelchair_seat,faux_leather
CSD16-FAI-0722,fairbanks,FAI,,,,environmental_microbiome,,jetway_1_handrail,metal
CSD16-FAI-0723,fairbanks,FAI,,,,environmental_microbiome,,jetway_1_wheelchair_foot,rubber
CSD16-FAI-0728,fairbanks,FAI,,,,environmental_microbiome,,star_bucks_seat_from_chair,wood
CSD16-FAI-0729,fairbanks,FAI,,,,environmental_microbiome,,men's_bathroom_near_gate_2_toilet_seat,plastic
CSD16-FAI-0730,fairbanks,FAI,,,,environmental_microbiome,,men's_bathroom_near_gate_2_sink,plastic
CSD16-FAI-0731,fairbanks,FAI,,,,environmental_microbiome,,gate_1_pole,metal
CSD16-FAI-0732,fairbanks,FAI,,,,environmental_microbiome,,star_bucks_table,wood
CSD16-FAI-0733,fairbanks,FAI,,,,environmental_microbiome,,star_bucks_chair,wood
CSD16-FAI-0738,fairbanks,FAI,,,,environmental_microbiome,,jetway_gate_4_handrail_near_plane,metal
CSD16-FAI-0739,fairbanks,FAI,,,,environmental_microbiome,,water_fountain_near_bathroom,metal
CSD16-FAI-0740,fairbanks,FAI,,,,environmental_microbiome,,seat_in_front_of_jetway_1,faux_leather
CSD16-FAI-0741,fairbanks,FAI,,,,environmental_microbiome,,jetway_gate_4_near_plane,carpet
CSD16-FAI-0742,fairbanks,FAI,,,,environmental_microbiome,,escalator_to_exit,plastic
CSD16-FAI-0743,fairbanks,FAI,,,,environmental_microbiome,,bench_by_concourse_inside,wood
CSD16-FAI-0748,fairbanks,FAI,,,,environmental_microbiome,,jetway_1_pole,metal
CSD16-FAI-0749,fairbanks,FAI,,,,environmental_microbiome,,"jetway_2_floor_by_plane_not_carpet,_black_matt",bmat
CSD16-FAI-0750,fairbanks,FAI,,,,environmental_microbiome,,jetway_1_carpet_near_plane,carpet
CSD16-FAI-0751,fairbanks,FAI,,,,environmental_microbiome,,women's_rest_room_handicapped_seat_right_side,faux_leather
CSD16-FAI-0752,fairbanks,FAI,,,,environmental_microbiome,,women's_rest_room_flush_handle,metal
CSD16-FAI-0753,fairbanks,FAI,,,,environmental_microbiome,,gate_4_delta_floor,rubber
CSD16-FAI-0754,fairbanks,FAI,,,,environmental_microbiome,,gate_4_delta_seat,faux_leather
CSD16-HAM-001,hamilton,HAM,,,,environmental_microbiome,,,
CSD16-HAM-006,hamilton,HAM,,,,environmental_microbiome,,,
CSD16-HAM-008,hamilton,HAM,,,,environmental_microbiome,,,
CSD16-HAM-012,hamilton,HAM,,,,environmental_microbiome,,,
CSD16-HAM-015,hamilton,HAM,,,,environmental_microbiome,,,
CSD16-HAM-016,hamilton,HAM,,,,environmental_microbiome,,,
CSD16-HAM-020,hamilton,HAM,,,,environmental_microbiome,,,
CSD16-HAM-026,hamilton,HAM,,,,environmental_microbiome,,,
CSD16-HAM-038,hamilton,HAM,,,,environmental_microbiome,,,
CSD16-HAM-039,hamilton,HAM,,,,environmental_microbiome,,,
CSD16-HAM-043,hamilton,HAM,,,,environmental_microbiome,,,
CSD16-HAM-050,hamilton,HAM,,,,environmental_microbiome,,,
CSD16-HAM-052,hamilton,HAM,,,,environmental_microbiome,,,
CSD16-HAM-057,hamilton,HAM,,,,environmental_microbiome,,,
CSD16-HAM-058,hamilton,HAM,,,,environmental_microbiome,,,
CSD16-HAM-060,hamilton,HAM,,,,environmental_microbiome,,,
CSD16-ILR-025,ilorin,ILR,,,,environmental_microbiome,,,
CSD16-ILR-026,ilorin,ILR,,,,environmental_microbiome,,,metal
CSD16-ILR-027,ilorin,ILR,,,,environmental_microbiome,,,metal
CSD16-ILR-029,ilorin,ILR,,,,environmental_microbiome,,,plastic
CSD16-ILR-030,ilorin,ILR,,,,environmental_microbiome,,,rubber
CSD16-ILR-031,ilorin,ILR,,,,environmental_microbiome,,,other
CSD16-ILR-032,ilorin,ILR,,,,environmental_microbiome,,,plastic
CSD16-ILR-033,ilorin,ILR,,,,environmental_microbiome,,,metal
CSD16-ILR-034,ilorin,ILR,,,,environmental_microbiome,,,
CSD16-ILR-035,ilorin,ILR,,,,environmental_microbiome,,,
CSD16-ILR-036,ilorin,ILR,,,,environmental_microbiome,,,plastic
CSD16-ILR-037,ilorin,ILR,,,,environmental_microbiome,,,leather
CSD16-ILR-041,ilorin,ILR,,,,environmental_microbiome,,,metal
CSD16-ILR-043,ilorin,ILR,,,,environmental_microbiome,,,plastic
CSD16-ILR-044,ilorin,ILR,,,,environmental_microbiome,,,plastic
CSD16-ILR-045,ilorin,ILR,,,,environmental_microbiome,,,plastic
CSD16-ILR-048,ilorin,ILR,,,,environmental_microbiome,,,metal
CSD16-NYC-0257,new_york_city,NYC,,,,environmental_microbiome,,,
CSD16-NYC-0261,new_york_city,NYC,,,,environmental_microbiome,,,
CSD16-NYC-0265,new_york_city,NYC,,,,environmental_microbiome,,,
CSD16-NYC-0267,new_york_city,NYC,,,,environmental_microbiome,,,
CSD16-NYC-0273,new_york_city,NYC,,,,environmental_microbiome,,,
CSD16-NYC-0274,new_york_city,NYC,,,,environmental_microbiome,,,
CSD16-NYC-0279,new_york_city,NYC,,,,environmental_microbiome,,,
CSD16-NYC-0282,new_york_city,NYC,,,,environmental_microbiome,,,
CSD16-NYC-0285,new_york_city,NYC,,,,environmental_microbiome,,,
CSD16-NYC-0293,new_york_city,NYC,,,,environmental_microbiome,,,
CSD16-NYC-0296,new_york_city,NYC,,,,environmental_microbiome,,,
CSD16-NYC-0302,new_york_city,NYC,,,,environmental_microbiome,,,
CSD16-NYC-0304,new_york_city,NYC,,,,environmental_microbiome,,,
CSD16-NYC-0308,new_york_city,NYC,,,,environmental_microbiome,,,
CSD16-NYC-0309,new_york_city,NYC,,,,environmental_microbiome,,,
CSD16-NYC-0313,new_york_city,NYC,,,,environmental_microbiome,,,
CSD16-NYC-0902,new_york_city,NYC,,,,environmental_microbiome,,railing,metal
CSD16-NYC-0906,new_york_city,NYC,,,,environmental_microbiome,,turnstile,metal
CSD16-NYC-0907,new_york_city,NYC,,,,environmental_microbiome,,turnstile,metal
CSD16-NYC-0912,new_york_city,NYC,,,,environmental_microbiome,,kiosk,metal
CSD16-NYC-0913,new_york_city,NYC,,,,environmental_microbiome,,kiosk,metal
CSD16-NYC-0914,new_york_city,NYC,,,,environmental_microbiome,,turnstile,metal
CSD16-NYC-0920,new_york_city,NYC,,,,environmental_microbiome,,kiosk,metal
CSD16-NYC-0923,new_york_city,NYC,,,,environmental_microbiome,,other,metal
CSD16-NYC-0924,new_york_city,NYC,,,,environmental_microbiome,,railing,metal
CSD16-NYC-0926,new_york_city,NYC,,,,environmental_microbiome,,other,metal
CSD16-NYC-0929,new_york_city,NYC,,,,environmental_microbiome,,railing,metal
CSD16-NYC-0931,new_york_city,NYC,,,,environmental_microbiome,,turnstile,metal
CSD16-NYC-0934,new_york_city,NYC,,,,environmental_microbiome,,kiosk,metal
CSD16-NYC-0935,new_york_city,NYC,,,,environmental_microbiome,,,
CSD16-NYC-0936,new_york_city,NYC,,,,environmental_microbiome,,kiosk,metal
CSD16-NYC-0939,new_york_city,NYC,,,,environmental_microbiome,,,
CSD16-NYC-0948,new_york_city,NYC,,,,environmental_microbiome,,kiosk,metal
CSD16-NYC-1010,new_york_city,NYC,,,,environmental_microbiome,,,
CSD16-NYC-1011,new_york_city,NYC,,,,environmental_microbiome,,,
CSD16-NYC-1017,new_york_city,NYC,,,,environmental_microbiome,,,
CSD16-NYC-1018,new_york_city,NYC,,,,environmental_microbiome,,,
CSD16-NYC-1029,new_york_city,NYC,,,,environmental_microbiome,,,
CSD16-NYC-1034,new_york_city,NYC,,,,environmental_microbiome,,,
CSD16-NYC-1039,new_york_city,NYC,,,,environmental_microbiome,,,
CSD16-NYC-1056,new_york_city,NYC,,,,environmental_microbiome,,,
CSD16-NYC-1063,new_york_city,NYC,,,,environmental_microbiome,,,
CSD16-OFA-050,ilorin,OFA,,,,environmental_microbiome,,,wood
CSD16-OFA-051,ilorin,OFA,,,,environmental_microbiome,,,metal
CSD16-OFA-052,ilorin,OFA,,,,environmental_microbiome,,,wood
CSD16-OFA-053,ilorin,OFA,,,,environmental_microbiome,,,tile
CSD16-OFA-054,ilorin,OFA,,,,environmental_microbiome,,,glass
CSD16-OFA-055,ofa,OFA,,,,environmental_microbiome,,,
CSD16-OFA-056,ilorin,OFA,,,,environmental_microbiome,,,metal
CSD16-OFA-057,ilorin,OFA,,,,environmental_microbiome,,,metal
CSD16-OFA-058,ilorin,OFA,,,,environmental_microbiome,,,wood
CSD16-OFA-059,ilorin,OFA,,,,environmental_microbiome,,,wood
CSD16-OFA-060,ofa,OFA,,,,environmental_microbiome,,,
CSD16-OFA-061,ilorin,OFA,,,,environmental_microbiome,,,other
CSD16-OFA-062,ilorin,OFA,,,,environmental_microbiome,,,rubber
CSD16-OFA-063,ilorin,OFA,,,,environmental_microbiome,,,metal
CSD16-OFA-064,ofa,OFA,,,,environmental_microbiome,,,
CSD16-OFA-065,ilorin,OFA,,,,environmental_microbiome,,,wood
CSD16-OFA-066,ilorin,OFA,,,,environmental_microbiome,,,rubber
CSD16-OFA-067,ilorin,OFA,,,,environmental_microbiome,,,wood
CSD16-OFA-068,ilorin,OFA,,,,environmental_microbiome,,,leather
CSD16-OFA-069,ilorin,OFA,,,,environmental_microbiome,,,plastic
CSD16-OFA-070,ilorin,OFA,,,,environmental_microbiome,,,metal
CSD16-OFA-071,ilorin,OFA,,,,environmental_microbiome,,,plastic
CSD16-OFA-072,ilorin,OFA,,,,environmental_microbiome,,,stainless_steel
CSD16-OFA-073,ilorin,OFA,,,,environmental_microbiome,,,metal
CSD16-OFA-074,ilorin,OFA,,,,environmental_microbiome,,,metal
CSD16-OFA-075,ilorin,OFA,,,,environmental_microbiome,,,
CSD16-SAC-001,sacramento,SAC,,,,environmental_microbiome,,,
CSD16-SAC-007,sacramento,SAC,,,,environmental_microbiome,,,
CSD16-SAC-020,sacramento,SAC,,,,environmental_microbiome,,,
CSD16-SAC-033,sacramento,SAC,,,,environmental_microbiome,,,
CSD16-SAC-034,sacramento,SAC,,,,environmental_microbiome,,,
CSD16-SAC-046,sacramento,SAC,,,,environmental_microbiome,,,
CSD16-SAC-064,sacramento,SAC,,,,environmental_microbiome,,,
CSD16-SAC-072,sacramento,SAC,,,,environmental_microbiome,,,
CSD16-SAC-075,sacramento,SAC,,,,environmental_microbiome,,,
CSD16-SAC-085,sacramento,SAC,,,,environmental_microbiome,,,
CSD16-SAC-086,sacramento,SAC,,,,environmental_microbiome,,,
CSD16-SAC-088,sacramento,SAC,,,,environmental_microbiome,,,
CSD16-SAC-089,sacramento,SAC,,,,environmental_microbiome,,,
CSD16-SAC-096,sacramento,SAC,,,,environmental_microbiome,,,
CSD16-SAC-104,sacramento,SAC,,,,environmental_microbiome,,,
CSD16-SAC-111,sacramento,SAC,,,,environmental_microbiome,,,
CSD16-SCL-007,santiago,SCL,,,,environmental_microbiome,,railing,metal
CSD16-SCL-048,santiago,SCL,,,,environmental_microbiome,,kiosk,metal
CSD16-SCL-049,santiago,SCL,,,,environmental_microbiome,,seat,metal
CSD16-SCL-050,santiago,SCL,,,,environmental_microbiome,,railing,metal
CSD16-SCL-057,santiago,SCL,,,,environmental_microbiome,,other,metal
CSD16-SCL-087,santiago,SCL,,,,environmental_microbiome,,railing,metal
CSD16-SCL-091,santiago,SCL,,,,environmental_microbiome,,railing,metal
CSD16-SCL-094,santiago,SCL,,,,environmental_microbiome,,garbage_can,metal
CSD16-SCL-101,santiago,SCL,,,,environmental_microbiome,,,metal
CSD16-SCL-149,santiago,SCL,,,,environmental_microbiome,,seat,metal
CSD16-SCL-150,santiago,SCL,,,,environmental_microbiome,,handrail,metal
CSD16-SCL-151,santiago,SCL,,,,environmental_microbiome,,handrail,metal
CSD16-SCL-157,santiago,SCL,,,,environmental_microbiome,,handrail,metal
CSD16-SCL-161,santiago,SCL,,,,environmental_microbiome,,,concrete
CSD16-SCL-163,santiago,SCL,,,,environmental_microbiome,,,metal
CSD16-SCL-168,santiago,SCL,,,,environmental_microbiome,,handrail,metal
CSD16-SCL-171,santiago,SCL,,,,environmental_microbiome,,door,metal
CSD16-SCL-174,santiago,SCL,,,,environmental_microbiome,,handrail,rubber
CSD16-SCL-175,porto,POR,,,,environmental_microbiome,,,
CSD16-SCL-176,santiago,SCL,,,,environmental_microbiome,,handrail,metal
CSD16-SCL-179,santiago,SCL,,,,environmental_microbiome,,handrail,metal
CSD16-SCL-181,santiago,SCL,,,,environmental_microbiome,,handrail,metal
CSD16-SCL-184,santiago,SCL,,,,environmental_microbiome,,,metal
CSD16-SCL-186,santiago,SCL,,,,environmental_microbiome,,door,metal
CSD16-SCL-188,santiago,SCL,,,,environmental_microbiome,,handrail,metal
CSD16-TOK-002,tokyo,TOK,,,,environmental_microbiome,,,plastic
CSD16-TOK-003,tokyo,TOK,,,,environmental_microbiome,,,plastic
CSD16-TOK-013,tokyo,TOK,,,,environmental_microbiome,,,vinyl
CSD16-TOK-014,tokyo,TOK,,,,environmental_microbiome,,,vinyl
CSD16-TOK-015,tokyo,TOK,,,,environmental_microbiome,,,vinyl
CSD16-TOK-019,tokyo,TOK,,,,environmental_microbiome,,,wood
CSD16-TOK-021,tokyo,TOK,,,,environmental_microbiome,,,wood
CSD16-TOK-025,tokyo,TOK,,,,environmental_microbiome,,,wood
CSD16-TOK-026,tokyo,TOK,,,,environmental_microbiome,,,wood
CSD16-TOK-027,tokyo,TOK,,,,environmental_microbiome,,,wood
CSD16-TOK-034,tokyo,TOK,,,,environmental_microbiome,,,other
CSD16-TOK-038,tokyo,TOK,,,,environmental_microbiome,,,vinyl
CSD16-TOK-039,tokyo,TOK,,,,environmental_microbiome,,,vinyl
CSD16-TOK-040,tokyo,TOK,,,,environmental_microbiome,,,vinyl
CSD16-TOK-041,tokyo,TOK,,,,environmental_microbiome,,,other
CSD16-TOK-043,tokyo,TOK,,,,environmental_microbiome,,,other
CSD16-TOK-045,tokyo,TOK,,,,environmental_microbiome,,,wood
CSD16-TOK-046,tokyo,TOK,,,,environmental_microbiome,,,wood
CSD16-TOK-050,tokyo,TOK,,,,environmental_microbiome,,,wood
CSD16-TOK-051,tokyo,TOK,,,,environmental_microbiome,,,wood
CSD16-TOK-052,tokyo,TOK,,,,environmental_microbiome,,,wood
CSD16-TOK-053,tokyo,TOK,,,,environmental_microbiome,,,wood
CSD16-TOK-054,tokyo,TOK,,,,environmental_microbiome,,,wood
CSD16-TOK-055,tokyo,TOK,,,,environmental_microbiome,,,wood
OLY-CAV-1-D-102016,rio_de_janeiro,RIO,,,,environmental_microbiome,,,
OLY-CTR-1-D-080816,rio_de_janeiro,RIO,,,,environmental_microbiome,,,
OLY-CTR-1-D-102016,rio_de_janeiro,RIO,,,,environmental_microbiome,,,
OLY-CTR-2-D-080816,rio_de_janeiro,RIO,,,,environmental_microbiome,,,
OLY-CTR-2-D-102016,rio_de_janeiro,RIO,,,,environmental_microbiome,,,
OLY-CTR-3-D-080816,rio_de_janeiro,RIO,,,,environmental_microbiome,,,
OLY-CTR-3-D-102016,rio_de_janeiro,RIO,,,,environmental_microbiome,,,
OLY-DCT-1-D-080816,rio_de_janeiro,RIO,,,,environmental_microbiome,,,
OLY-DCT-2-D-080816,rio_de_janeiro,RIO,,,,environmental_microbiome,,,
OLY-DCT-2-D-102016,rio_de_janeiro,RIO,,,,environmental_microbiome,,,
OLY-DCT-3-D-080816,rio_de_janeiro,RIO,,,,environmental_microbiome,,,
OLY-GOS-1-D-080816,rio_de_janeiro,RIO,,,,environmental_microbiome,,,
OLY-GOS-1-D-102016,rio_de_janeiro,RIO,,,,environmental_microbiome,,,
OLY-GOS-2-D-080816,rio_de_janeiro,RIO,,,,environmental_microbiome,,,
OLY-GOS-2-D-102016,rio_de_janeiro,RIO,,,,environmental_microbiome,,,
OLY-GOS-3-D-080816,rio_de_janeiro,RIO,,,,environmental_microbiome,,,
OLY-GOS-3-D-102016,rio_de_janeiro,RIO,,,,environmental_microbiome,,,
OLY-MRC-1-D-080816,rio_de_janeiro,RIO,,,,environmental_microbiome,,,
OLY-MRC-1-D-102016,rio_de_janeiro,RIO,,,,environmental_microbiome,,,
OLY-MRC-2-D-080816,rio_de_janeiro,RIO,,,,environmental_microbiome,,,
OLY-MRC-2-D-102016,rio_de_janeiro,RIO,,,,environmental_microbiome,,,
OLY-MRC-3-D-080816,rio_de_janeiro,RIO,,,,environmental_microbiome,,,
OLY-MRC-3-D-102016,rio_de_janeiro,RIO,,,,environmental_microbiome,,,
OLY-SPN-1-D-080816,rio_de_janeiro,RIO,,,,environmental_microbiome,,,
OLY-SPN-1-D-102016,rio_de_janeiro,RIO,,,,environmental_microbiome,,,
OLY-SPN-2-D-080816,rio_de_janeiro,RIO,,,,environmental_microbiome,,,
OLY-SPN-2-D-102016,rio_de_janeiro,RIO,,,,environmental_microbiome,,,
OLY-SPN-3-D-080816,rio_de_janeiro,RIO,,,,environmental_microbiome,,,
OLY-SPN-3-D-102016,rio_de_janeiro,RIO,,,,environmental_microbiome,,,
OLY-VCV-1-D-080816,rio_de_janeiro,RIO,,,,environmental_microbiome,,,
OLY-VCV-1-D-102016,rio_de_janeiro,RIO,,,,environmental_microbiome,,,
OLY-VCV-2-D-080816,rio_de_janeiro,RIO,,,,environmental_microbiome,,,
OLY-VCV-2-D-102016,rio_de_janeiro,RIO,,,,environmental_microbiome,,,
OLY-VCV-3-D-102016,porto,POR,,,,environmental_microbiome,,,

