,,FID,sample_number,,photo,place_type,building_setting,surface_material,surface_type,line,subway_station_autofill,car_or_station,subway_station_surface,subway_car_surface,car_location,occupancy,taxi,airport,park_surface,bus_surface,light_type,traffic,number_of_air_vents,place_name,notes,audio,longitude,latitude,time,city
German,Fondo/Baro de viver,2,CDS16-BCN-001,21.06.2016,mdc_photo_mdc_a18390_1466505254895_1466505379650.jpg,sub_line,urban,Glass,Kiosk,,Fondo,subway_station,,,,,,,,,,,,,Kiosk fondo station 12.35,,2.21851E+12,4.14515E+13,,Barcelona
German,Fondo/Baro de viver,3,CDS16-BCN-002,21.06.2016,mdc_photo_mdc_8af900_1466505773550_1466505875876.jpg,sub_line,urban,Rubber,Escalator,,Fondo,subway_station,,,,,,,,,,,,,Fondo plastic handling de escalador 12.44,,2.21851E+12,4.14515E+13,,Barcelona
German,Fondo/Baro de viver,4,CDS16-BCN-003,21.06.2016,mdc_photo_mdc_4db500_1466506162129_1466506254148.jpg,sub_line,urban,Metal,Handrail,,Fondo,subway_station,,,,,,,,,,,,Fondo,Fondo stairs railing 12.50,,2.21869E+12,4.14516E+13,,Barcelona
German,Fondo/Baro de viver,5,CDS16-BCN-004,21.06.2016,mdc_photo_mdc_62d220_1466506793513_1466506875652.jpg,sub_line,urban,Metal,Turnstil,,Fondo,subway_station,,,,,,,,,,,,Fondo,Fondo turnstills 13.00,,2.21851E+12,4.14515E+13,,Barcelona
German,Fondo/Baro de viver,7,CDS16-BCN-005,21.06.2016,mdc_photo_mdc_cdcc96_1466507180730_1466507268970.jpg,sub_line,urban,Air,Air,,Fondo,subway_station,,,,,,,,,,,,Fondo station air,Station upper pavilion fondo 13.07,,2.21851E+12,4.14515E+13,,Barcelona
German,Fondo/Baro de viver,9,CDS16-BCN-006,21.06.2016,mdc_photo_mdc_6a4ba0_1466507666737_1466507721521.jpg,sub_line,urban,Air,Air,,Fondo,subway_station,,,,,,,,,,,,,Air in the inner pavilion fondo,,2.21851E+12,4.14515E+13,,Barcelona
German,Fondo/Baro de viver,11,CDS16-BCN-007,21.06.2016,mdc_photo_mdc_6a2aaa_1466507971494_1466508034280.jpg,sub_line,urban,Rubber,Escalator,,Fondo,subway_station,,,,,,,,,,,,Fondo,Fondo handrails inner escalador 13.20,,2.21851E+12,4.14515E+13,,Barcelona
German,Fondo/Baro de viver,12,CDS16-BCN-008,21.06.2016,mdc_photo_mdc_13aa2a_1466508237557_1466508296944.jpg,sub_line,urban,Metal,Handrail,,Fondo,subway_station,,,,,,,,,,,,,Fondo stairs railings inside the station,,2.21851E+12,4.14515E+13,,Barcelona
German,Fondo/Baro de viver,42,CDS16-BCN-009,21.06.2016,mdc_photo_mdc_bd063a_1466509012914_1466511704765.jpg,sub_line,urban,Metal,Poll,,Fondo,subway_car,,,middle,,,,,,,,,,L9 line hand railings inside the car,,2.21851E+12,4.14515E+13,,Barcelona
German,Fondo/Baro de viver,20,CDS16-BCN-010,21.06.2016,mdc_photo_mdc_d024b0_1466509874379_1466510033670.jpg,sub_line,urban,Plastic,Seats,,Fondo,subway_car,,Seat near door,middle,,,,,,,,,,Sits in the car l9 line close to fondo,,2.21851E+12,4.14515E+13,,Barcelona
German,Fondo/Baro de viver,31,CDS16-BCN-011,21.06.2016,mdc_photo_mdc_3331b0_1466510499376_1466510574995.jpg,sub_line,urban,Metal,Poll,,Baro de Viver,subway_car,,Ceiling Rail,last,,,,,,,,,,In the car hand railings l1 line,,2.21851E+12,4.14515E+13,,Barcelona
German,Fondo/Baro de viver,36,CDS16-BCN-012,21.06.2016,mdc_photo_mdc_e62ac0_1466511172911_1466511243015.jpg,sub_line,urban,Glass,Kiosk,,Baro de Viver,subway_station,,,,,,,,,,,,,Bara de viver kiosk 14.13,,2.21851E+12,4.14515E+13,,Barcelona
German,Fondo/Baro de viver,38,CDS16-BCN-013,21.06.2016,mdc_photo_mdc_c007a0_1466511465295_1466511532681.jpg,sub_line,urban,Metal,Turnstile,,Baro de Viver,subway_station,,,,,,,,,,,,,Baro de viver turnstille 14.18,,2.21851E+12,4.14515E+13,,Barcelona
German,Fondo/Baro de viver,46,CDS16-BCN-014,21.06.2016,mdc_photo_mdc_992de4_1466512247256_1466512328643.jpg,sub_line,urban,Metal,Handrail,,Baro de Viver,subway_station,,,,,,,,,,,,,Stairs railings baro de viver 14.32,,2.20238E+12,4.14501E+13,,Barcelona
German,Fondo/Baro de viver,49,CDS16-BCN-015,21.06.2016,mdc_photo_mdc_4b22ae_1466512634993_1466512678895.jpg,sub_line,urban,Air,Air,,Baro de Viver,subway_station,,,,,,,,,,,,,Air in baro de viver upstairs 14.37,,2.20238E+12,4.14501E+13,,Barcelona
German,Fondo/Baro de viver,53,CDS16-BCN-016,21.06.2016,mdc_photo_mdc_c581aa_1466512977046_1466513043829.jpg,sub_line,urban,Rubber,Escalator,,Baro de Viver,subway_station,,,,,,,,,,,,,Railing near escalador baro de viver 14.43,,2.20238E+12,4.14501E+13,,Barcelona
German,Fondo/Baro de viver,59,CDS16-BCN-017,21.06.2016,mdc_photo_mdc_04e6e0_1466513285796_1466513354611.jpg,sub_line,urban,Air,Air,,Baro de Viver,subway_station,,,,,,,,,,,,,Air in the inner pavilion baro de viver 14.49,,2.20238E+12,4.14501E+13,,Barcelona
German,Fondo/Baro de viver,69,CDS16-BCN-018,21.06.2016,mdc_photo_mdc_a5d610_1466514132810_1466514249341.jpg,sub_line,urban,Plastic,Seats,,Baro de Viver,subway_car,,Seat near door,first,,,,,,,,,,Seats in the car l1 line 15.03,,2.20238E+12,4.14501E+13,,Barcelona
Mattia Bosio,Lesseps,8,CDS16-BCN-022,21.06.2016,mdc_photo_mdc_6bd36a_1466507394219_1466507496276.jpg,sub_line,urban,Glass,Kiosk,,Lesseps,subway_station,,,,,,,,,electric_light,,,Barcelona lesseps kiosk,,,2.15049E+12,4.14058E+13,,Barcelona
Mattia Bosio,Lesseps,10,CDS16-BCN-023,21.06.2016,mdc_photo_mdc_62dfba_1466507808283_1466507922822.jpg,sub_line,urban,Metal,Turnstile,,Lesseps,subway_station,,,,,,,,,electric_light,,,,,,2.15049E+12,4.14058E+13,,Barcelona
Mattia Bosio,Lesseps,13,CDS16-BCN-024,21.06.2016,mdc_photo_mdc_285c60_1466508288560_1466508389944.jpg,sub_line,urban,Metal,Handrail,,Lesseps,subway_station,,,,,,,,,electric_light,,,,,,2.15049E+12,4.14058E+13,,Barcelona
Mattia Bosio,Lesseps,15,CDS16-BCN-025,21.06.2016,mdc_photo_mdc_c87eba_1466508712796_1466508883338.jpg,sub_line,urban,Rubber,Escalator,,Lesseps,subway_station,,,,,,,,,electric_light,,,,mechanical stairs material metal and plastic ,,2.15049E+12,4.14058E+13,,Barcelona
Mattia Bosio,Lesseps,16, CDS16-BCN-026,21.06.2016,mdc_photo_mdc_b82600_1466509385205_1466509395593.jpg,sub_line,urban,Air,Air,,Lesseps,subway_station,,,,,,,,,electric_light,,,,air in station ,,2.15049E+12,4.14058E+13,,Barcelona
Mattia Bosio,Lesseps,21,CDS16-BCN-027,21.06.2016,mdc_photo_mdc_27ddb0_1466510194534_1466510302216.jpg,sub_line,urban,Metal,Poll,,Lesseps,subway_car,,,last,,,,,,electric_light,60,,,,,2.15049E+12,4.14058E+13,,Barcelona
,Lesseps,33,CDS16-BCN-028,21.06.2016,mdc_photo_mdc_aec504_1466510599996_1466510861503.jpg,sub_line,urban,Plastic,Seats,,Lesseps,subway_car,,Seat near door,last,,,,,,electric_light,60,,,,,2.15049E+12,4.14058E+13,,Barcelona
Mattia Bosio,Lesseps,34,CDS16-BCN-029,21.06.2016,mdc_photo_mdc_0cef70_1466510913595_1466511080185.jpg,sub_line,urban,Air,Air,,Lesseps,subway_car,,Other,last,,,,,,,60,,,air inside the train,,2.15049E+12,4.14058E+13,,Barcelona
Jonas,Parc Nou/Catalunya,,CDS16-BCN-043,21.06.2016,CDS16-BCN-043.jpeg,sub_line,urban,Glass,Kiosk,,Parc Nou,subway_station,,,,,,,,,,,,,,,2087759,41316729,,Barcelona
Jonas,Parc Nou/Catalunya,,CDS16-BCN-044,21.06.2016,CDS16-BCN-044.jpeg,sub_line,urban,Rubber,Escalator,,Catalunya,subway_station,,,,,,,,,,,,,,,2169538,41387438,,Barcelona
Jonas,Parc Nou/Catalunya,,CDS16-BCN-045,21.06.2016,CDS16-BCN-045.jpeg,sub_line,urban,Metal,Handrail,,Catalunya,subway_station,,,,,,,,,,,,,,,2169538,41387438,,Barcelona
Jonas,Parc Nou/Catalunya,,CDS16-BCN-046,21.06.2016,CDS16-BCN-046.jpeg,sub_line,urban,Metal,Turnstile,,Catalunya,subway_station,,,,,,,,,,,,,,,2169538,41387438,,Barcelona
Jonas,Parc Nou/Catalunya,,CDS16-BCN-047,21.06.2016,CDS16-BCN-047.jpeg,sub_line,urban,Air,Air,,Catalunya,subway_station,,,,,,,,,,,,,air inside the station,,2169538,41387438,,Barcelona
Jonas,Parc Nou/Catalunya,,CDS16-BCN-048,21.06.2016,no pic,sub_line,urban,Plastic,Seats,,Catalunya,subway_car,,,,,,,,,,,,,no seat / no sample,,2169538,41387438,,Barcelona
Jonas,Parc Nou/Catalunya,,CDS16-BCN-049,21.06.2016,no pic ,sub_line,urban,Metal,Poll,,Catalunya,Subway_car,,,,,,,,,,,,,L1,,2169538,41387438,,Barcelona
Jonas,Parc Nou/Catalunya,,CDS16-BCN-050,21.06.2016,no pic ,sub_line,urban,Air,Air,,Catalunya,subway_car,,,,,,,,,,,,,air inside the train,,2169538,41387438,,Barcelona
Jonas,Parc Nou/Catalunya,,CDS16-BCN-053,21.06.2016,no pic,sub_line,urban,Glass,Kiosk,,Parc Nou,Subway_station,,,,,,,,,,,,,,,2087759,41316729,,Barcelona
Jonas,Parc Nou/Catalunya,,CDS16-BCN-054,21.06.2016,CDS16-BCN-054.jpeg,sub_line,urban,Rubber,Escalator,,Parc Nou,Subway_station,,,,,,,,,,,,,,,2087759,41316729,,Barcelona
Jonas,Parc Nou/Catalunya,,CDS16-BCN-055,21.06.2016,no pic,sub_line,urban,Metal,Handrail,,Parc Nou,Subway_station,,,,,,,,,,,,,,,2087759,41316729,,Barcelona
Jonas,Parc Nou/Catalunya,,CDS16-BCN-056,21.06.2016,CDS16-BCN-056.jpeg,sub_line,urban,Metal,Turnstile,,Parc Nou,Subway_station,,,,,,,,,,,,,,,2087759,41316729,,Barcelona
Jonas,Parc Nou/Catalunya,,CDS16-BCN-057,21.06.2016,CDS16-BCN-057.jpeg,sub_line,urban,Air,Air,,Parc Nou,Subway_station,,,,,,,,,,,,,Air inside station,,2087759,41316729,,Barcelona
Jonas,Parc Nou/Catalunya,,CDS16-BCN-058,21.06.2016,CDS16-BCN-058.jpeg,sub_line,urban,Plastic,Seat,,Parc Nou,Subway_car,,,,,,,,,,,,,L9,,2087759,41316729,,Barcelona
Jonas,Parc Nou/Catalunya,,CDS16-BCN-059,21.06.2016,no pic ,sub_line,urban,Metal,Poll,,Parc Nou,Subway_car,,,,,,,,,,,,,L9,,2087759,41316729,,Barcelona
Jonas,Parc Nou/Catalunya,,CDS16-BCN-060,21.06.2016,no pic,sub_line,urban,Air,Air,,Parc Nou,Subway_car,,,,,,,,,,,,,L9,,2087759,41316729,,Barcelona
Hannah,Barceloneta,18,CDS16-BCN-064,21.06.2016,mdc_photo_mdc_938856_1466509458668_1466509755132.jpg,sub_line,urban,Metal,Handrail,,Barceloneta,subway_station,,,,,,,,,,,,,,,2.1847E+12,4.13819E+13,,Barcelona
Hannah,Barceloneta,19,CDS16-BCN-065,21.06.2016,mdc_photo_mdc_6205c4_1466509878796_1466510000926.jpg,sub_line,urban,Metal,Handrail,,Barceloneta,subway_station,,,,,,,,,,20,,,,,2.18465E+12,4.13818E+13,,Barcelona
Hannah,Barceloneta,30,CDS16-BCN-066,21.06.2016,mdc_photo_mdc_a4c6da_1466510332715_1466510397074.jpg,sub_line,urban,Metal,Kiosk,,Barceloneta,subway_station,,,,,,,,,,,,,,,2.18465E+12,4.13818E+13,,Barcelona
Hannah,Barceloneta,32,CDS16-BCN-067,21.06.2016,mdc_photo_mdc_39e240_1466510729180_1466510804785.jpg,sub_line,urban,Glass,Kiosk,,Barceloneta,subway_station,,,,,,,,,,,,,,,2.18465E+12,4.13818E+13,,Barcelona
Hannah,Barceloneta,35,CDS16-BCN-068,21.06.2016,mdc_photo_mdc_c4a7ca_1466511140010_1466511188370.jpg,sub_line,urban,Plastic,Kiosk,,Barceloneta,subway_station,,,,,,,,,,,,,,,2.18465E+12,4.13818E+13,,Barcelona
Hannah,Barceloneta,39,Csd-16-bcn-069,21.06.2016,mdc_photo_mdc_5b4b84_1466511493797_1466511535820.jpg,bus_line,urban,Metal,Turnstil,,Barceloneta,subway_station,,,,,,,,,,,,,,,2.18465E+12,4.13818E+13,,Barcelona
Hannah,Barceloneta,43,CDS16-BCN-070,21.06.2016,mdc_photo_mdc_d36280_1466511738896_1466511818112.jpg,sub_line,urban,Air,Air,,Barceloneta,subway_station,,,,,,,,,,,,,"Control, just air in the subway",,2.18465E+12,4.13818E+13,,Barcelona
Hannah,Barceloneta,48,CDS16-BCN-071,21.06.2016,mdc_photo_mdc_45e90a_1466512410180_1466512467896.jpg,sub_line,urban,Plastic,Seats,,Barceloneta,subway_car,,Seat near door,middle,,,,,,,,,,,,2.18465E+12,4.13818E+13,,Barcelona
Hannah,Barceloneta,47,CDS16-BCN-072,21.06.2016,mdc_photo_mdc_48d82a_1466512108632_1466512342740.jpg,sub_line,urban,Plastic,Hannah email,,Barceloneta,subway_car,,Pole,middle,,,,,,,,,,,,2.18465E+12,4.13818E+13,,Barcelona
Álvaro Aranguren,Sagrera,91,CDS16-BCN-085,21.06.2016,mdc_photo_cdv_photo_001_1466602573705.jpg,sub_line,urban,Glass,Kiosk,,Sagrera,subway_station,,,,,,,,,,,,,,,2.18671E+12,4.14205E+13,,Barcelona
Álvaro Aranguren,Sagrera,92,CDS16-BCN-086,21.06.2016,mdc_photo_cdv_photo_002_1466604235679.jpg,sub_line,urban,Glass,Kiosk,,Sagrera,subway_station,,,,,,,,,,,,,,,2.18671E+12,4.14205E+13,,Barcelona
Álvaro Aranguren,Sagrera,93,CDS16-BCN-087,21.06.2016,mdc_photo_cdv_photo_003_1466604365955.jpg,sub_line,urban,Glass,Kiosk,,Sagrera,subway_station,,,,,,,,,,,,,,,2.18671E+12,4.14205E+13,,Barcelona
Álvaro Aranguren,Sagrera,94,CDS16-BCN-88,21.06.2016,no pic,sub_line,urban,Glass,Kiosk,,Sagrera,subway_station,,,,,,,,,,,,,,,2.18671E+12,4.14205E+13,,Barcelona
Álvaro Aranguren,Sagrera,95,CDS16-BCN-089,21.06.2016,mdc_photo_cdv_photo_005_1466604729939.jpg,sub_line,urban,Metal,Turnstile,,Sagrera,subway_station,,,,,,,,,,,,,,,2.18671E+12,4.14205E+13,,Barcelona
Álvaro Aranguren,Sagrera,96,CDS16-BCN-090,21.06.2016,mdc_photo_cdv_photo_006_1466604869122.jpg,sub_line,urban,Metal,Turnstile,,Sagrera,subway_station,,,,,,,,,,,,,,,2.18671E+12,4.14205E+13,,Barcelona
Álvaro Aranguren,Sagrera,97,CDS16-BCN-091,21.06.2016,mdc_photo_cdv_photo_007_1466606726337.jpg,sub_line,urban,Metal,Turnstile,,Sagrera,subway_station,,,,,,,,,,,,,,,2.18671E+12,4.14205E+13,,Barcelona
Álvaro Aranguren,Sagrera,98,CDS16-BCN-092,21.06.2016,mdc_photo_cdv_photo_008_1466606826349.jpg,sub_line,urban,Metal,Turnstile,,Sagrera,subway_station,,,,,,,,,,,,,,,2.18671E+12,4.14205E+13,,Barcelona
Álvaro Aranguren,Sagrera,99,CDS16-BCN-093,21.06.2016,mdc_photo_cdv_photo_009_1466606965166.jpg,sub_line,urban,Metal,Handrail,,Sagrera,subway_station,,,,,,,,,,,,,,,2.18671E+12,4.14205E+13,,Barcelona
Álvaro Aranguren,Sagrera,100,CDS16-BCN-094,21.06.2016,mdc_photo_cdv_photo_010_1466615430499.jpg,sub_line,urban,Metal,Handrail,,Sagrera,subway_station,,,,,,,,,,,,,,,2.1866E+12,4.14205E+13,,Barcelona
Álvaro Aranguren,Sagrera,103,CDS16-BCN-095,21.06.2016,mdc_photo_cdv_photo_003_1466673937807.jpg,sub_line,urban,Metal,Handrail,,Sagrera,subway_station,,,,,,,,,,,,,,,2.18671E+12,4.14205E+13,,Barcelona
Álvaro Aranguren,Sagrera,101,CDS16-BCN-096,21.06.2016,no pic,sub_line,urban,Metal,handrail,,Sagrera,subway_station,,,,,,,,,,,,,,,2.18671E+12,4.14205E+13,,Barcelona
Álvaro Aranguren,Sagrera,102,CDS16-BCN-097,21.06.2016,no pic,sub_line,urban,Air,Air,,Sagrera,subway_station,,,,,,,,,,,,,Air control,,2.18671E+12,4.14205E+13,,Barcelona
Álvaro Aranguren,Sagrera,104,CDS16-BCN-098,21.06.2016,mdc_photo_cdv_photo_004_1466674080845.jpg,sub_line,urban,Rubber,Escalator,,Sagrera,subway_station,,,,,,,,,,,,,,,2.18671E+12,4.14205E+13,,Barcelona
Álvaro Aranguren,Sagrera,105,CDS16-BCN-099,21.06.2016,mdc_photo_cdv_photo_005_1466674162650.jpg,sub_line,urban,Rubber,Escalator,,Sagrera,subway_station,,,,,,,,,,,,,,,2.18671E+12,4.14205E+13,,Barcelona
Álvaro Aranguren,Sagrera,106,CDS16-BCN-100,21.06.2016,mdc_photo_cdv_photo_006_1466674235754.jpg,sub_line,urban,Rubber,Escalator,,Sagrera,subway_station,,,,,,,,,,,,,,,2.18671E+12,4.14205E+13,,Barcelona
Álvaro Aranguren,Sagrera,107,CDS16-BCN-101,21.06.2016,mdc_photo_cdv_photo_007_1466674312836.jpg,sub_line,urban,Rubber,Escalator,,Sagrera,subway_station,,,,,,,,,,,,,,,2.18671E+12,4.14205E+13,,Barcelona
Álvaro Aranguren,Sagrera,108,CDS16-BCN-102,21.06.2016,mdc_photo_cdv_photo_008_1466674437468.jpg,sub_line,urban,Metal,Poll,,Sagrera,subway_car,,Pole,middle,,,,,,,,,,L9 train,,2.18671E+12,4.14205E+13,,Barcelona
Álvaro Aranguren,Sagrera,109,CDS16-BCN-103,21.06.2016,no pic ,sub_line,urban,Air,Air,,Sagrera,subway_car,,Other,middle,,,,,,,,,,L9 air control,,2.18671E+12,4.14205E+13,,Barcelona
Álvaro Aranguren,Sagrera,110,CDS16-BCN-104,21.06.2016,mdc_photo_cdv_photo_009_1466674651086.jpg,sub_line,urban,Plastic,Seats,,Sagrera,subway_car,,Center seat,middle,,Front seat,,,,,,,,L9 line,,2.18671E+12,4.14205E+13,,Barcelona
Andrea Tassinari & Aliaksei,Sants Estacio/Hospital clinic,63,CDS16-BCN-106,21.06.2016,mdc_photo_mdc_67a460_1466513647795_1466513657096.jpg,sub_line,urban,Glass,Kiosk,,Hospital clinic,subway_station,,,,,,,,,,,,,,,2.15028E+12,4.13884E+13,,Barcelona
Andrea Tassinari & Aliaksei,Sants Estacio/Hospital clinic,68,CDS16-BCN-107,21.06.2016,mdc_photo_mdc_f4aece_1466513977230_1466514093485.jpg,sub_line,urban,Metal,Turnstile,,Hospital clinic,subway_station,,,,,,,,,,,,,,,2.15028E+12,4.13884E+13,,Barcelona
Andrea Tassinari & Aliaksei,Sants Estacio/Hospital clinic,70,CDS16-BCN-108,21.06.2016,mdc_photo_mdc_35069a_1466514533729_1466514543309.jpg,sub_line,urban,Air,Air,,Hospital clinic,subway_station,,,,,,,,,,,,,"Air, kiosks level",,2.15028E+12,4.13884E+13,,Barcelona
Andrea Tassinari & Aliaksei,Sants Estacio/Hospital clinic,74,CDS16-BCN-109,21.06.2016,mdc_photo_mdc_0a3b8a_1466514995511_1466515063493.jpg,sub_line,urban,Metal,Handrail,,Hospital clinic,subway_station,,,,,,,,,,,,,,,2.15028E+12,4.13884E+13,,Barcelona
,Sants Estacio/Hospital clinic,78,CDS16-BCN-110,21.06.2016,mdc_photo_mdc_3b8c2a_1466515089667_1466515207309.jpg,sub_line,urban,Rubber,Escalator,,Hospital clinic,subway_station,,,,,,,,,,,,,Escalator handrail,,2.15028E+12,4.13884E+13,,Barcelona
Andrea Tassinari & Aliaksei,Sants Estacio/Hospital clinic,79,CDS16-BCN-111,21.06.2016,no pic,sub_line,urban,Air,Air,,Hospital clinic,subway_station,,,,,,,,,,,,,"Air, platform level.",,2.15028E+12,4.13884E+13,,Barcelona
Andrea Tassinari & Aliaksei,Sants Estacio/Hospital clinic,80,CDS16-BCN-112,21.06.2016,mdc_photo_mdc_b6cd80_1466515856808_1466515966912.jpg,sub_line,urban,Air,Air,,Hospital clinic,subway_car,,Other,middle,,,,,,,,,,"Air, train between Hospital Clinic and Sants",,2.15028E+12,4.13884E+13,,Barcelona
Andrea Tassinari & Aliaksei,Sants Estacio/Hospital clinic,81,CDS16-BCN-113,21.06.2016,no pic,sub_line,urban,Air,Air,,Sants EstaciÃ³,subway_station,,,,,,,,,,,,,"Air, platform level",,2.15028E+12,4.13884E+13,,Barcelona
Andrea Tassinari & Aliaksei,Sants Estacio/Hospital clinic,82,CDS16-BCN-114,21.06.2016,mdc_photo_mdc_923410_1466516736317_1466516799719.jpg,sub_line,urban,Glass,Kiosk,,Sants EstaciÃ³,subway_station,,,,,,,,,,,,,,,2.15028E+12,4.13884E+13,,Barcelona
Andrea Tassinari & Aliaksei,Sants Estacio/Hospital clinic,83,CDS16-BCN-115,21.06.2016,no pic,sub_line,urban,Air,Air,,Sants EstaciÃ³,subway_station,,,,,,,,,,,,,"Air, kiosk level",,2.15028E+12,4.13884E+13,,Barcelona
Andrea Tassinari & Aliaksei,Sants Estacio/Hospital clinic,85,CDS16-BCN-116,21.06.2016,mdc_photo_mdc_6b49d0_1466517193531_1466517280320.jpg,sub_line,urban,Rubber,Escalator,,Sants EstaciÃ³,subway_station,,,,,,,,,,,,,Escalator handrail,,2.15028E+12,4.13884E+13,,Barcelona
Andrea Tassinari & Aliaksei,Sants Estacio/Hospital clinic,86,CDS16-BCN-117,21.06.2016,mdc_photo_mdc_3db120_1466517313596_1466517383377.jpg,sub_line,urban,Metal,Handrail,,Sants EstaciÃ³,subway_station,,,,,,,,,,,,,,,2.15028E+12,4.13884E+13,,Barcelona
Andrea Tassinari & Aliaksei,Sants Estacio/Hospital clinic,87,CDS16-BCN-118,21.06.2016,mdc_photo_mdc_87adaa_1466517795853_1466518034015.jpg,sub_line,urban,Metal,Turnstile,,Sants EstaciÃ³,subway_station,,,,,,,,,,,,,,,2.15028E+12,4.13884E+13,,Barcelona
Andrea Tassinari & Aliaksei,Sants Estacio/Hospital clinic,88,CDS16-BCN-119,21.06.2016,mdc_photo_mdc_94aba0_1466518091771_1466518147592.jpg,sub_line,urban,Metal,Turnstile,,Sants EstaciÃ³,subway_station,,,,,,,,,,,,,Exit manual turnstiles,,2.15028E+12,4.13884E+13,,Barcelona
Andrea Tassinari & Aliaksei,Sants Estacio/Hospital clinic,89,CDS16-BCN-120,21.06.2016,mdc_photo_mdc_421ed0_1466518607923_1466518679716.jpg,sub_line,urban,Metal,Poll,,Sants EstaciÃ³,subway_car,,Pole,middle,,,,,,,,,,,,2.15028E+12,4.13884E+13,,Barcelona
Andrea Tassinari & Aliaksei,Sants Estacio/Hospital clinic,90,CDS16-BCN-121,21.06.2016,no pic,sub_line,urban,Plastic,Seats,,Sants EstaciÃ³,subway_car,,Seat near door,middle,,,,,,,,,,,,2.15028E+12,4.13884E+13,,Barcelona
Lara de Llobet,Espanya,22,CDS16-BCN-127,21.06.2016,mdc_photo_cdv_photo_001_1466510329467.jpg,sub_line,urban,Metal,Kiosk,,Espanya,subway_station,,,,,,,,,,,,,,,2.17083E+12,4.14047E+13,,Barcelona
Lara de Llobet,Espanya,23,CDS16-BCN-128,21.06.2016,mdc_photo_mdc_bb018a_cdv_photo_002_1466510333907.jpg,sub_line,urban,Metal,Turnstil,,Espanya,subway_station,,,,,,,,,,,,,,,2.15314E+12,4.1375E+13,,Barcelona
Lara de Llobet,Espanya,24,CDS16-BCN-129,21.06.2016,mdc_photo_mdc_ac250e_cdv_photo_002_1466510336273.jpg,sub_line,urban,Wood,Handrail,,Espanya,subway_station,,,,,,,,,,,,,,,2.14629E+12,4.1376E+13,,Barcelona
Lara de Llobet,Espanya,25,CDS16-BCN-130,21.06.2016,no pic ,sub_line,urban,Metal,Poll,,Espanya,subway_car,,Pole,last,,,,,,,,,,,,2.14626E+12,4.1376E+13,,Barcelona
Lara de Llobet,Espanya,26,CDS16-BCN-131,21.06.2016,no pic ,sub_line,urban,Plastic,Seats,,Espanya,subway_car,,Center seat,last,,,,,,,,,,,,2.14626E+12,4.1376E+13,,Barcelona
Lara de Llobet,Espanya,27,CDS16-BCN-132,21.06.2016,no pic ,sub_line,urban,Air,Air,,Espanya,subway_car,,Other,,,,,,,,,,,Air (control),,2.14626E+12,4.1376E+13,,Barcelona
Lara de Llobet,Espanya,29,CDS16-BCN-134,21.06.2016,mdc_photo_mdc_bf4a20_cdv_photo_002_1466510342059.jpg,sub_line,urban,Air,Air,,Espanya,subway_station,,,,,,,,,,,,,Air control,,2.15314E+12,4.1375E+13,,Barcelona
Lara de Llobet,Espanya,28,CDS16-BCN-135,21.06.2016,mdc_photo_mdc_d3b32a_cdv_photo_002_1466510339392.jpg,sub_line,urban,Rubber,Escalator,,Espanya,subway_station,,,,,,,,,,,,,,,2.1463E+12,4.1376E+13,,Barcelona
Javier Quilez Oliete,Torassa,37,CDS16-BCN-148,21.06.2016,mdc_photo_mdc_b8d66a_1466510979990_1466511246780.jpg,sub_line,urban,Rubber,Escalator,,Torrassa,subway_station,,,,,,,,,,,,,L9,,2.11709E+12,4.13677E+13,,Barcelona
Javier Quilez Oliete,Torassa,40,CDS16-BCN-149,21.06.2016,mdc_photo_mdc_428790_1466511552372_1466511660893.jpg,sub_line,urban,Glass,Kiosk,,Torrassa,subway_station,,,,,,,,,electric_light,,,,L9,,2.11603E+12,4.13663E+13,,Barcelona
Javier Quilez Oliete,Torassa,44,CDS16-BCN-150,21.06.2016,mdc_photo_mdc_a6bcca_1466511872013_1466512006220.jpg,sub_line,urban,Metal,Turnstil,,Torrassa,subway_station,,,,,,,,,,,,,L9,,2.11709E+12,4.13677E+13,,Barcelona
Javier Quilez Oliete,Torassa,45,CDS16-BCN-151,21.06.2016,mdc_photo_mdc_ea2d8a_1466512120991_1466512204113.jpg,sub_line,urban,Air,Air,,Torrassa,subway_station,,,,,,,,,electric_light,,,,L9. Air sample for reference,,2.11709E+12,4.13677E+13,,Barcelona
Javier Quilez Oliete,Torassa,54,CDS16-BCN-152,21.06.2016,mdc_photo_image%3A48328_1466513063698.jpg,sub_line,urban,Metal,Turnstil,,Torrassa,subway_car,,Pole,last,,,,,,electric_light,100,,,,,2.11603E+12,4.13663E+13,,Barcelona
Jae-Seong Yang,Sagrada familia,50,Cds16-bcn-169,21.06.2016,mdc_photo_mdc_cabe96_1466512774027_1466512817592.jpg,sub_line,urban,Air,Air,,Sagrada familia,subway_station,,,,,,,,,,,,,Control. Air,,2.17327E+12,4.14035E+13,,Barcelona
Jae-Seong Yang,Sagrada familia,51,CDS16-BCN-170,21.06.2016,mdc_photo_mdc_abacc0_1466512908894_1466512916004.jpg,sub_line,urban,Glass,Kiosk,,Sagrada familia,subway_station,,,,,,,,,,,,,,,2.17328E+12,4.14035E+13,,Barcelona
Jae-Seong Yang,Sagrada familia,52,CDS16-BCN-171,21.06.2016,mdc_photo_mdc_b8f730_1466512987782_1466513000121.jpg,sub_line,urban,Metal,Kiosk,,Sagrada familia,subway_station,,,,,,,,,,,,,,,2.17324E+12,4.14035E+13,,Barcelona
,Sagrada familia,55,CSD16-BCN172,21.06.2016,mdc_photo_mdc_cb5be0_1466513069017_1466513071196.jpg,sub_line,urban,Glass,Kiosk,,Sagrada familia,subway_station,,,,,,,,,,,,,,,2.17327E+12,4.14035E+13,,Barcelona
Jae-Seong Yang,Sagrada familia,56,CDS16-BCN-173,21.06.2016,mdc_photo_mdc_a96a70_1466513144628_1466513149370.jpg,sub_line,urban,Metal,Kiosk,,Sagrada familia,subway_station,,,,,,,,,,,,,,,2.17324E+12,4.14035E+13,,Barcelona
Jae-Seong Yang,Sagrada familia,57,CDS16-BCN-174,21.06.2016,mdc_photo_mdc_909190_1466513229846_1466513234521.jpg,sub_line,urban,Metal,Turnstile,,Sagrada familia,subway_station,,,,,,,,,,,,,,,2.17324E+12,4.14035E+13,,Barcelona
Jae-Seong Yang,Sagrada familia,58,CDS16-BCN-175,21.06.2016,mdc_photo_mdc_49cc70_1466513284131_1466513286068.jpg,sub_line,urban,Metal,Turnstile,,Sagrada familia,subway_station,,,,,,,,,,,,,,,2.17323E+12,4.14035E+13,,Barcelona
Jae-Seong Yang,Sagrada familia,60,CDS16-BCN-176,21.06.2016,mdc_photo_mdc_a39750_1466513446395_1466513458528.jpg,sub_line,urban,Metal,Turnstile,,Sagrada familia,subway_station,,,,,,,,,,,,,,,2.17331E+12,4.14036E+13,,Barcelona
Jae-Seong Yang,Sagrada familia,61,CDS16-BCN-177,21.06.2016,mdc_photo_mdc_b194b0_1466513520755_1466513523307.jpg,sub_line,urban,Metal,Handrail,,Sagrada familia,subway_station,,,,,,,,,,,,,,,2.17329E+12,4.14036E+13,,Barcelona
Jae-Seong Yang,Sagrada familia,62,CDS16-BCN-178,21.06.2016,mdc_photo_mdc_3699c0_1466513597609_1466513601955.jpg,sub_line,urban,Rubber,Escalator,,Sagrada familia,subway_station,,,,,,,,,,,,,,,2.17324E+12,4.14035E+13,,Barcelona
Jae-Seong Yang,Sagrada familia,64,CDS16-BCN-179,21.06.2016,mdc_photo_mdc_46708a_1466513707994_1466513709997.jpg,sub_line,urban,Stone,Seats,,Sagrada familia,subway_station,,,,,,,,,,,,,,,2.17319E+12,4.14039E+13,,Barcelona
Jae-Seong Yang,Sagrada familia,65,CDS16-BCN-180,21.06.2016,mdc_photo_mdc_4bca1a_1466513779143_1466513782010.jpg,sub_line,urban,Stone,Seats,,Sagrada familia,subway_station,,,,,,,,,,,,,,,2.1732E+12,4.14039E+13,,Barcelona
Jae-Seong Yang,Sagrada familia,66,CDS16-BCN-181,21.06.2016,mdc_photo_mdc_315d60_1466513853736_1466513856670.jpg,sub_line,urban,Air,Air,,Sagrada familia,subway_station,,,,,,,,,,,,,,,2.1732E+12,4.14039E+13,,Barcelona
Jae-Seong Yang,Sagrada familia,67,CDS16-BCN-182,21.06.2016,mdc_photo_mdc_c0a6a0_1466513943719_1466514081561.jpg,sub_line,urban,Air,Air,,Sagrada familia,subway_station,,,,,,,,,,,,,,,2.1732E+12,4.14039E+13,,Barcelona
Jae-Seong Yang,Sagrada familia,76,CDS16-BCN-183,21.06.2016,mdc_photo_mdc_76b4da_1466515133378_1466515141878.jpg,sub_line,urban,Metal,Door handle,,Sagrada familia,subway_car,,,,,,,,,,,,,,,2.17005E+12,4.13969E+13,,Barcelona
Jae-Seong Yang,Sagrada familia,77,CDS16-BCN-184,21.06.2016,mdc_photo_mdc_bd9d0a_1466515174135_1466515178792.jpg,sub_line,urban,Metal,Seats handrail,,Sagrada familia,subway_car,,,,,,,,,,,,,,,2.17005E+12,4.13969E+13,,Barcelona
Jae-Seong Yang,Sagrada familia,71,CDS16-BCN-185,21.06.2016,mdc_photo_mdc_4dbc70_1466514983177_1466514985513.jpg,sub_line,urban,Metal,Seats handrail,,Sagrada familia,subway_car,,,,,,,,,,,,,,,2.17323E+12,4.14038E+13,,Barcelona
Jae-Seong Yang,Sagrada familia,72,CDS16-BCN-186,21.06.2016,mdc_photo_mdc_c73784_1466515021581_1466515023585.jpg,sub_line,urban,Metal,Seats handrail,,Sagrada familia,subway_car,,,,,,,,,,,,,,,2.17005E+12,4.13969E+13,,Barcelona
Jae-Seong Yang,Sagrada familia,73,CDS16-BCN-187,21.06.2016,mdc_photo_mdc_536340_1466515049203_1466515051400.jpg,sub_line,urban,Plastic,Poll,,Sagrada familia,subway_car,,,,,,,,,,,,,,,2.17005E+12,4.13969E+13,,Barcelona
Jae-Seong Yang,Sagrada familia,75,CDS16-BCN-188,21.06.2016,mdc_photo_mdc_9298aa_1466515075834_1466515079304.jpg,sub_line,urban,Metal,Poll,,Sagrada familia,subway_car,,,,,,,,,,,,,,,2.17005E+12,4.13969E+13,,Barcelona
Mauricio Moldes Quaresma,Arc de Triomf,14,CDS16-BCN-190,21.06.2016,mdc_photo_mdc_7376d0_1466508408773_1466508478106.jpg,sub_line,urban,Glass,Kiosk,,Arc de Triomf,subway_station,,,,,,,,,,,,,kiosk,,2.18201E+12,4.13931E+13,,Barcelona
Mauricio Moldes Quaresma,Arc de Triomf,17,CDS16-BCN-191,21.06.2016,mdc_photo_mdc_8904c4_1466509503074_1466509542979.jpg,sub_line,urban,Rubber,Escalator,,Arc de Triomf,subway_station,,,,,,,,,,,,,escalator handrail,,2.18189E+12,4.1393E+13,,Barcelona
Mauricio Moldes Quaresma,Arc de Triomf,,CDS16-BCN-192,21.06.2016,no pic ,sub_line,urban,Metal,Handrail,,Arc de Triomf,subway_station,,,,,,,,,,,,,handrail,,2.18201E+12,4.13931E+13,,Barcelona
Mauricio Moldes Quaresma,Arc de Triomf,,CDS16-BCN-193,21.06.2016,no pic ,sub_line,urban,Air,Air,,Arc de Triomf,subway_station,,,,,,,,,,,,,inside the station,,2.18189E+12,4.1393E+13,,Barcelona
Mauricio Moldes Quaresma,Arc de Triomf,,CDS16-BCN-194,21.06.2016,no pic ,sub_line,urban,Metal,Poll,,Arc de Triomf,subway_station,,,,,,,,,,,,,pole,,2.18201E+12,4.13931E+13,,Barcelona
Mauricio Moldes Quaresma,Arc de Triomf,,CDS16-BCN-195,21.06.2016,no pic ,sub_line,urban,plastic,Seats,,Arc de Triomf,subway_car,,,,,,,,,,,,,seat,,2.18189E+12,4.1393E+13,,Barcelona
Mauricio Moldes Quaresma,Arc de Triomf,,CDS16-BCN-197,21.06.2016,no pic ,sub_line,urban,Metal,Turnstile,,Arc de Triomf,subway_station,,,,,,,,,,,,,,,2.18177E+12,4.13929E+13,,Barcelona
Mauricio Moldes Quaresma,Arc de Triomf,,CDS16-BCN-198,21.06.2016,no pic ,sub_line,urban,Air,Air,,Arc de Triomf,subway_car,,,,,,,,,,,,,,,2.18165E+12,4.13928E+13,,Barcelona