Sample_Name,Plate,Plate_Position,UK,clean_plate_num,Name
A_D1,Plate_0004,A01,P4A01,P4A1,5106-CEM-0221
A_D2,Plate_0004,A02,P4A02,P4A2,5106-CEM-0222
A_D3,Plate_0004,A03,P4A03,P4A3,5106-CEM-0223
A_D4,Plate_0004,A04,P4A04,P4A4,5106-CEM-0224
A_D5,Plate_0004,A05,P4A05,P4A5,5106-CEM-0225
A_D6,Plate_0004,A06,P4A06,P4A6,5106-CEM-0226
A_D7,Plate_0004,A07,P4A07,P4A7,5106-CEM-0227
A_D8,Plate_0004,A08,P4A08,P4A8,5106-CEM-0228
A_D9,Plate_0004,A09,P4A09,P4A9,5106-CEM-0229
A_D10,Plate_0004,A10,P4A10,P4A10,5106-CEM-0230
A_D11,Plate_0004,A11,P4A11,P4A11,5106-CEM-0231
A_D13,Plate_0004,A12,P4A12,P4A12,5106-CEM-0232
A_D14,Plate_0004,B01,P4B01,P4B1,5106-CEM-0233
A_D15,Plate_0004,B02,P4B02,P4B2,5106-CEM-0234
A_D16,Plate_0004,B03,P4B03,P4B3,5106-CEM-0235
A_D17,Plate_0004,B04,P4B04,P4B4,5106-CEM-0236
A_D18,Plate_0004,B05,P4B05,P4B5,5106-CEM-0237
A_D19,Plate_0004,B06,P4B06,P4B6,5106-CEM-0238
A_D20,Plate_0004,B07,P4B07,P4B7,5106-CEM-0239
A_D21,Plate_0004,B08,P4B08,P4B8,5106-CEM-0240
A_D22,Plate_0004,B09,P4B09,P4B9,5106-CEM-0241
A_D23,Plate_0004,B10,P4B10,P4B10,5106-CEM-0242
A_D24,Plate_0004,B11,P4B11,P4B11,5106-CEM-0243
A_D26,Plate_0004,B12,P4B12,P4B12,5106-CEM-0244
A_D27,Plate_0004,C01,P4C01,P4C1,5106-CEM-0245
A_D29,Plate_0004,C02,P4C02,P4C2,5106-CEM-0246
A_D30,Plate_0004,C03,P4C03,P4C3,5106-CEM-0247
A_D31,Plate_0004,C04,P4C04,P4C4,5106-CEM-0248
A_D32,Plate_0004,C05,P4C05,P4C5,5106-CEM-0249
A_D33,Plate_0004,C06,P4C06,P4C6,5106-CEM-0250
A_D34,Plate_0004,C07,P4C07,P4C7,5106-CEM-0251
A_D35,Plate_0004,C08,P4C08,P4C8,5106-CEM-0252
A_D36,Plate_0004,C09,P4C09,P4C9,5106-CEM-0253
A_D37,Plate_0004,C10,P4C10,P4C10,5106-CEM-0254
A_D38,Plate_0004,C11,P4C11,P4C11,5106-CEM-0255
A_D39,Plate_0004,C12,P4C12,P4C12,5106-CEM-0256
A_D40,Plate_0004,D01,P4D01,P4D1,5106-CEM-0257
A_D41,Plate_0004,D02,P4D02,P4D2,5106-CEM-0258
A_D42,Plate_0004,D03,P4D03,P4D3,5106-CEM-0259
A_D43,Plate_0004,D04,P4D04,P4D4,5106-CEM-0260
A_D44,Plate_0004,D05,P4D05,P4D5,5106-CEM-0261
A_D45,Plate_0004,D06,P4D06,P4D6,5106-CEM-0262
A_D46,Plate_0004,D07,P4D07,P4D7,5106-CEM-0263
A_D47,Plate_0004,D08,P4D08,P4D8,5106-CEM-0264
A_D48,Plate_0004,D09,P4D09,P4D9,5106-CEM-0265
B_D1,Plate_0004,D10,P4D10,P4D10,5106-CEM-0266
B_D2,Plate_0004,D11,P4D11,P4D11,5106-CEM-0267
B_D3,Plate_0004,D12,P4D12,P4D12,5106-CEM-0268
B_D4,Plate_0004,E01,P4E01,P4E1,5106-CEM-0269
B_D5,Plate_0004,E02,P4E02,P4E2,5106-CEM-0270
B_D6,Plate_0004,E03,P4E03,P4E3,5106-CEM-0271
B_D7,Plate_0004,E04,P4E04,P4E4,5106-CEM-0272
B_D8,Plate_0004,E05,P4E05,P4E5,5106-CEM-0273
B_D9,Plate_0004,E06,P4E06,P4E6,5106-CEM-0274
B_D10,Plate_0004,E07,P4E07,P4E7,5106-CEM-0275
B_D11,Plate_0004,E08,P4E08,P4E8,5106-CEM-0276
B_D12,Plate_0004,E09,P4E09,P4E9,5106-CEM-0277
B_D13,Plate_0004,E10,P4E10,P4E10,5106-CEM-0278
B_D14,Plate_0004,E11,P4E11,P4E11,5106-CEM-0279
B_D15,Plate_0004,E12,P4E12,P4E12,5106-CEM-0280
B_D16,Plate_0004,F01,P4F01,P4F1,5106-CEM-0281
B_D17,Plate_0004,F02,P4F02,P4F2,5106-CEM-0282
B_D18,Plate_0004,F03,P4F03,P4F3,5106-CEM-0283
B_D19,Plate_0004,F04,P4F04,P4F4,5106-CEM-0284
B_D20,Plate_0004,F05,P4F05,P4F5,5106-CEM-0285
B_D21,Plate_0004,F06,P4F06,P4F6,5106-CEM-0286
B_D22,Plate_0004,F07,P4F07,P4F7,5106-CEM-0287
B_D23,Plate_0004,F08,P4F08,P4F8,5106-CEM-0288
B_D24,Plate_0004,F09,P4F09,P4F9,5106-CEM-0289
B_D25,Plate_0004,F10,P4F10,P4F10,5106-CEM-0290
B_D26,Plate_0004,F11,P4F11,P4F11,5106-CEM-0291
B_D27,Plate_0004,F12,P4F12,P4F12,5106-CEM-0292
B_D28,Plate_0004,G01,P4G01,P4G1,5106-CEM-0293
B_D29,Plate_0004,G02,P4G02,P4G2,5106-CEM-0294
B_D30,Plate_0004,G03,P4G03,P4G3,5106-CEM-0295
B_D31,Plate_0004,G04,P4G04,P4G4,5106-CEM-0296
B_D32,Plate_0004,G05,P4G05,P4G5,5106-CEM-0297
B_D33,Plate_0004,G06,P4G06,P4G6,5106-CEM-0298
B_D34,Plate_0004,G07,P4G07,P4G7,5106-CEM-0299
B_D35,Plate_0004,G08,P4G08,P4G8,5106-CEM-0300
B_D36,Plate_0004,G09,P4G09,P4G9,5106-CEM-0301
B_D37,Plate_0004,G10,P4G10,P4G10,5106-CEM-0302
B_D38,Plate_0004,G11,P4G11,P4G11,5106-CEM-0303
B_D39,Plate_0004,G12,P4G12,P4G12,5106-CEM-0304
B_D40,Plate_0004,H01,P4H01,P4H1,5106-CEM-0305
B_D41,Plate_0004,H02,P4H02,P4H2,5106-CEM-0306
B_D42,Plate_0004,H03,P4H03,P4H3,5106-CEM-0307
B_D43,Plate_0004,H04,P4H04,P4H4,5106-CEM-0308
B_D44,Plate_0004,H05,P4H05,P4H5,5106-CEM-0309
B_D45,Plate_0004,H06,P4H06,P4H6,5106-CEM-0310
B_D46,Plate_0004,H07,P4H07,P4H7,5106-CEM-0311
B_D47,Plate_0004,H08,P4H08,P4H8,5106-CEM-0312
Plate0004_Pos1,Plate_0004,H09,P4H09,P4H9,5106-CEM-0313
Plate0004_Pos2,Plate_0004,H10,P4H10,P4H10,5106-CEM-0314
Plate0004_Neg1,Plate_0004,H11,P4H11,P4H11,5106-CEM-0315
Plate0004_Neg2,Plate_0004,H12,P4H12,P4H12,5106-CEM-0316
B_D48,Plate_0005,A01,P5A01,P5A1,5106-CEM-0317
C_D1,Plate_0005,A02,P5A02,P5A2,5106-CEM-0318
C_D2,Plate_0005,A03,P5A03,P5A3,5106-CEM-0319
C_D3,Plate_0005,A04,P5A04,P5A4,5106-CEM-0320
C_D4,Plate_0005,A05,P5A05,P5A5,5106-CEM-0321
C_D5,Plate_0005,A06,P5A06,P5A6,5106-CEM-0322
C_D6,Plate_0005,A07,P5A07,P5A7,5106-CEM-0323
C_D7,Plate_0005,A08,P5A08,P5A8,5106-CEM-0324
C_D8,Plate_0005,A09,P5A09,P5A9,5106-CEM-0325
C_D9,Plate_0005,A10,P5A10,P5A10,5106-CEM-0326
C_D10,Plate_0005,A11,P5A11,P5A11,5106-CEM-0327
C_D11,Plate_0005,A12,P5A12,P5A12,5106-CEM-0328
C_D12,Plate_0005,B01,P5B01,P5B1,5106-CEM-0329
C_D13,Plate_0005,B02,P5B02,P5B2,5106-CEM-0330
C_D14,Plate_0005,B03,P5B03,P5B3,5106-CEM-0331
C_D15,Plate_0005,B04,P5B04,P5B4,5106-CEM-0332
C_D16,Plate_0005,B05,P5B05,P5B5,5106-CEM-0333
C_D17,Plate_0005,B06,P5B06,P5B6,5106-CEM-0334
C_D18,Plate_0005,B07,P5B07,P5B7,5106-CEM-0335
C_D19,Plate_0005,B08,P5B08,P5B8,5106-CEM-0336
C_D20,Plate_0005,B09,P5B09,P5B9,5106-CEM-0337
C_D21,Plate_0005,B10,P5B10,P5B10,5106-CEM-0338
C_D22,Plate_0005,B11,P5B11,P5B11,5106-CEM-0339
C_D23,Plate_0005,B12,P5B12,P5B12,5106-CEM-0340
C_D24,Plate_0005,C01,P5C01,P5C1,5106-CEM-0341
C_D25,Plate_0005,C02,P5C02,P5C2,5106-CEM-0342
C_D26,Plate_0005,C03,P5C03,P5C3,5106-CEM-0343
C_D27,Plate_0005,C04,P5C04,P5C4,5106-CEM-0344
C_D28,Plate_0005,C05,P5C05,P5C5,5106-CEM-0345
C_D29,Plate_0005,C06,P5C06,P5C6,5106-CEM-0346
C_D30,Plate_0005,C07,P5C07,P5C7,5106-CEM-0347
C_D31,Plate_0005,C08,P5C08,P5C8,5106-CEM-0348
C_D32,Plate_0005,C09,P5C09,P5C9,5106-CEM-0349
C_D33,Plate_0005,C10,P5C10,P5C10,5106-CEM-0350
C_D34,Plate_0005,C11,P5C11,P5C11,5106-CEM-0351
C_D35,Plate_0005,C12,P5C12,P5C12,5106-CEM-0352
Plate0005_Pos1,Plate_0005,D01,P5D01,P5D1,5106-CEM-0353
Plate0005_Pos2,Plate_0005,D02,P5D02,P5D2,5106-CEM-0354
Plate0005_Neg1,Plate_0005,D03,P5D03,P5D3,5106-CEM-0355
Plate0005_Neg2,Plate_0005,D04,P5D04,P5D4,5106-CEM-0356
C_D36,Plate_0005,D05,P5D05,P5D5,5106-CEM-0357
C_D37,Plate_0005,D06,P5D06,P5D6,5106-CEM-0358
C_D38,Plate_0005,D07,P5D07,P5D7,5106-CEM-0359
C_D39,Plate_0005,D08,P5D08,P5D8,5106-CEM-0360
C_D40,Plate_0005,D09,P5D09,P5D9,5106-CEM-0361
C_D41,Plate_0005,D10,P5D10,P5D10,5106-CEM-0362
C_D42,Plate_0005,D11,P5D11,P5D11,5106-CEM-0363
C_D43,Plate_0005,D12,P5D12,P5D12,5106-CEM-0364
C_D44,Plate_0005,E01,P5E01,P5E1,5106-CEM-0365
C_D45,Plate_0005,E02,P5E02,P5E2,5106-CEM-0366
C_D46,Plate_0005,E03,P5E03,P5E3,5106-CEM-0367
C_D47,Plate_0005,E04,P5E04,P5E4,5106-CEM-0368
C_D48,Plate_0005,E05,P5E05,P5E5,5106-CEM-0369
A_C1,Plate_0005,E06,P5E06,P5E6,5106-CEM-0370
A_C2,Plate_0005,E07,P5E07,P5E7,5106-CEM-0371
A_C3,Plate_0005,E08,P5E08,P5E8,5106-CEM-0372
A_C4,Plate_0005,E09,P5E09,P5E9,5106-CEM-0373
A_C5,Plate_0005,E10,P5E10,P5E10,5106-CEM-0374
A_C6,Plate_0005,E11,P5E11,P5E11,5106-CEM-0375
A_C7,Plate_0005,E12,P5E12,P5E12,5106-CEM-0376
A_C8,Plate_0005,F01,P5F01,P5F1,5106-CEM-0377
A_C10,Plate_0005,F02,P5F02,P5F2,5106-CEM-0378
A_C12,Plate_0005,F03,P5F03,P5F3,5106-CEM-0379
A_C13,Plate_0005,F04,P5F04,P5F4,5106-CEM-0380
A_C15,Plate_0005,F05,P5F05,P5F5,5106-CEM-0381
A_C16,Plate_0005,F06,P5F06,P5F6,5106-CEM-0382
A_C17,Plate_0005,F07,P5F07,P5F7,5106-CEM-0383
A_C18,Plate_0005,F08,P5F08,P5F8,5106-CEM-0384
A_C19,Plate_0005,F09,P5F09,P5F9,5106-CEM-0385
A_C21,Plate_0005,F10,P5F10,P5F10,5106-CEM-0386
A_C22,Plate_0005,F11,P5F11,P5F11,5106-CEM-0387
A_C24,Plate_0005,F12,P5F12,P5F12,5106-CEM-0388
A_C25,Plate_0005,G01,P5G01,P5G1,5106-CEM-0389
A_C26,Plate_0005,G02,P5G02,P5G2,5106-CEM-0390
A_C27,Plate_0005,G03,P5G03,P5G3,5106-CEM-0391
A_C28,Plate_0005,G04,P5G04,P5G4,5106-CEM-0392
A_C29,Plate_0005,G05,P5G05,P5G5,5106-CEM-0393
A_C30,Plate_0005,G06,P5G06,P5G6,5106-CEM-0394
A_C31,Plate_0005,G07,P5G07,P5G7,5106-CEM-0395
A_C32,Plate_0005,G08,P5G08,P5G8,5106-CEM-0396
A_C33,Plate_0005,G09,P5G09,P5G9,5106-CEM-0397
A_C34,Plate_0005,G10,P5G10,P5G10,5106-CEM-0398
A_C35,Plate_0005,G11,P5G11,P5G11,5106-CEM-0399
A_C36,Plate_0005,G12,P5G12,P5G12,5106-CEM-0400
A_C37,Plate_0005,H01,P5H01,P5H1,5106-CEM-0401
A_C38,Plate_0005,H02,P5H02,P5H2,5106-CEM-0402
A_C39,Plate_0005,H03,P5H03,P5H3,5106-CEM-0403
A_C40,Plate_0005,H04,P5H04,P5H4,5106-CEM-0404
B_C1,Plate_0005,H05,P5H05,P5H5,5106-CEM-0405
B_C2,Plate_0005,H06,P5H06,P5H6,5106-CEM-0406
B_C3,Plate_0005,H07,P5H07,P5H7,5106-CEM-0407
B_C4,Plate_0005,H08,P5H08,P5H8,5106-CEM-0408
B_C5,Plate_0005,H09,P5H09,P5H9,5106-CEM-0409
B_C6,Plate_0005,H10,P5H10,P5H10,5106-CEM-0410
B_C7,Plate_0005,H11,P5H11,P5H11,5106-CEM-0411
B_C8,Plate_0005,H12,P5H12,P5H12,5106-CEM-0412
B_C9,Plate_0006,A01,P6A01,P6A1,5106-CEM-0413
B_C10,Plate_0006,A02,P6A02,P6A2,5106-CEM-0414
B_C12,Plate_0006,A03,P6A03,P6A3,5106-CEM-0415
B_C13,Plate_0006,A04,P6A04,P6A4,5106-CEM-0416
B_C14,Plate_0006,A05,P6A05,P6A5,5106-CEM-0417
B_C15,Plate_0006,A06,P6A06,P6A6,5106-CEM-0418
B_C16,Plate_0006,A07,P6A07,P6A7,5106-CEM-0419
B_C17,Plate_0006,A08,P6A08,P6A8,5106-CEM-0420
B_C18,Plate_0006,A09,P6A09,P6A9,5106-CEM-0421
B_C19,Plate_0006,A10,P6A10,P6A10,5106-CEM-0422
B_C20,Plate_0006,A11,P6A11,P6A11,5106-CEM-0423
B_C21,Plate_0006,A12,P6A12,P6A12,5106-CEM-0424
B_C22,Plate_0006,B01,P6B01,P6B1,5106-CEM-0425
B_C23,Plate_0006,B02,P6B02,P6B2,5106-CEM-0426
B_C24,Plate_0006,B03,P6B03,P6B3,5106-CEM-0427
B_C25,Plate_0006,B04,P6B04,P6B4,5106-CEM-0428
B_C26,Plate_0006,B05,P6B05,P6B5,5106-CEM-0429
B_C27,Plate_0006,B06,P6B06,P6B6,5106-CEM-0430
B_C28,Plate_0006,B07,P6B07,P6B7,5106-CEM-0431
B_C29,Plate_0006,B08,P6B08,P6B8,5106-CEM-0432
B_C30,Plate_0006,B09,P6B09,P6B9,5106-CEM-0433
B_C31,Plate_0006,B10,P6B10,P6B10,5106-CEM-0434
B_C32,Plate_0006,B11,P6B11,P6B11,5106-CEM-0435
B_C33,Plate_0006,B12,P6B12,P6B12,5106-CEM-0436
B_C34,Plate_0006,C01,P6C01,P6C1,5106-CEM-0437
B_C35,Plate_0006,C02,P6C02,P6C2,5106-CEM-0438
B_C36,Plate_0006,C03,P6C03,P6C3,5106-CEM-0439
B_C37,Plate_0006,C04,P6C04,P6C4,5106-CEM-0440
B_C38,Plate_0006,C05,P6C05,P6C5,5106-CEM-0441
B_C39,Plate_0006,C06,P6C06,P6C6,5106-CEM-0442
B_C40,Plate_0006,C07,P6C07,P6C7,5106-CEM-0443
C_C1,Plate_0006,C08,P6C08,P6C8,5106-CEM-0444
C_C2,Plate_0006,C09,P6C09,P6C9,5106-CEM-0445
C_C3,Plate_0006,C10,P6C10,P6C10,5106-CEM-0446
C_C4,Plate_0006,C11,P6C11,P6C11,5106-CEM-0447
C_C5,Plate_0006,C12,P6C12,P6C12,5106-CEM-0448
C_C6,Plate_0006,D01,P6D01,P6D1,5106-CEM-0449
C_C7,Plate_0006,D02,P6D02,P6D2,5106-CEM-0450
C_C8,Plate_0006,D03,P6D03,P6D3,5106-CEM-0451
C_C9,Plate_0006,D04,P6D04,P6D4,5106-CEM-0452
C_C10,Plate_0006,D05,P6D05,P6D5,5106-CEM-0453
C_C12,Plate_0006,D06,P6D06,P6D6,5106-CEM-0454
C_C13,Plate_0006,D07,P6D07,P6D7,5106-CEM-0455
C_C14,Plate_0006,D08,P6D08,P6D8,5106-CEM-0456
C_C15,Plate_0006,D09,P6D09,P6D9,5106-CEM-0457
C_C16,Plate_0006,D10,P6D10,P6D10,5106-CEM-0458
C_C17,Plate_0006,D11,P6D11,P6D11,5106-CEM-0459
C_C18,Plate_0006,D12,P6D12,P6D12,5106-CEM-0460
C_C19,Plate_0006,E01,P6E01,P6E1,5106-CEM-0461
C_C20,Plate_0006,E02,P6E02,P6E2,5106-CEM-0462
C_C21,Plate_0006,E03,P6E03,P6E3,5106-CEM-0463
C_C22,Plate_0006,E04,P6E04,P6E4,5106-CEM-0464
C_C23,Plate_0006,E05,P6E05,P6E5,5106-CEM-0465
C_C24,Plate_0006,E06,P6E06,P6E6,5106-CEM-0466
Plate0006_Pos1,Plate_0006,E07,P6E07,P6E7,5106-CEM-0467
Plate0006_Pos2,Plate_0006,E08,P6E08,P6E8,5106-CEM-0468
Plate0006_Neg1,Plate_0006,E09,P6E09,P6E9,5106-CEM-0469
Plate0006_Neg2,Plate_0006,E10,P6E10,P6E10,5106-CEM-0470
C_C25,Plate_0006,E11,P6E11,P6E11,5106-CEM-0471
C_C26,Plate_0006,E12,P6E12,P6E12,5106-CEM-0472
C_C27,Plate_0006,F01,P6F01,P6F1,5106-CEM-0473
C_C28,Plate_0006,F02,P6F02,P6F2,5106-CEM-0474
C_C29,Plate_0006,F03,P6F03,P6F3,5106-CEM-0475
C_C30,Plate_0006,F04,P6F04,P6F4,5106-CEM-0476
C_C31,Plate_0006,F05,P6F05,P6F5,5106-CEM-0477
C_C32,Plate_0006,F06,P6F06,P6F6,5106-CEM-0478
C_C33,Plate_0006,F07,P6F07,P6F7,5106-CEM-0479
C_C34,Plate_0006,F08,P6F08,P6F8,5106-CEM-0480
C_C35,Plate_0006,F09,P6F09,P6F9,5106-CEM-0481
C_C36,Plate_0006,F10,P6F10,P6F10,5106-CEM-0482
C_C37,Plate_0006,F11,P6F11,P6F11,5106-CEM-0483
C_C38,Plate_0006,F12,P6F12,P6F12,5106-CEM-0484
C_C39,Plate_0006,G01,P6G01,P6G1,5106-CEM-0485
C_C40,Plate_0006,G02,P6G02,P6G2,5106-CEM-0486
A_N1,Plate_0006,G03,P6G03,P6G3,5106-CEM-0487
A_N2,Plate_0006,G04,P6G04,P6G4,5106-CEM-0488
A_N3,Plate_0006,G05,P6G05,P6G5,5106-CEM-0489
A_N4,Plate_0006,G06,P6G06,P6G6,5106-CEM-0490
A_N5,Plate_0006,G07,P6G07,P6G7,5106-CEM-0491
A_N6,Plate_0006,G08,P6G08,P6G8,5106-CEM-0492
A_N7,Plate_0006,G09,P6G09,P6G9,5106-CEM-0493
A_N8,Plate_0006,G10,P6G10,P6G10,5106-CEM-0494
A_N9,Plate_0006,G11,P6G11,P6G11,5106-CEM-0495
A_N10,Plate_0006,G12,P6G12,P6G12,5106-CEM-0496
A_N11,Plate_0006,H01,P6H01,P6H1,5106-CEM-0497
A_N12,Plate_0006,H02,P6H02,P6H2,5106-CEM-0498
A_N15,Plate_0006,H03,P6H03,P6H3,5106-CEM-0499
A_N16,Plate_0006,H04,P6H04,P6H4,5106-CEM-0500
A_N20,Plate_0006,H05,P6H05,P6H5,5106-CEM-0501
A_N22,Plate_0006,H06,P6H06,P6H6,5106-CEM-0502
A_N23,Plate_0006,H07,P6H07,P6H7,5106-CEM-0503
A_N25,Plate_0006,H08,P6H08,P6H8,5106-CEM-0504
A_N26,Plate_0006,H09,P6H09,P6H9,5106-CEM-0505
A_N27,Plate_0006,H10,P6H10,P6H10,5106-CEM-0506
A_N28,Plate_0006,H11,P6H11,P6H11,5106-CEM-0507
A_N29,Plate_0006,H12,P6H12,P6H12,5106-CEM-0508
A_N30,Plate_0007,A01,P7A01,P6A1,5106-CEM-0509
A_N31,Plate_0007,A02,P7A02,P6A2,5106-CEM-0510
A_N32,Plate_0007,A03,P7A03,P6A3,5106-CEM-0511
A_N33,Plate_0007,A04,P7A04,P6A4,5106-CEM-0512
A_N34,Plate_0007,A05,P7A05,P6A5,5106-CEM-0513
A_N35,Plate_0007,A06,P7A06,P6A6,5106-CEM-0514
A_N36,Plate_0007,A07,P7A07,P6A7,5106-CEM-0515
A_N37,Plate_0007,A08,P7A08,P6A8,5106-CEM-0516
A_N38,Plate_0007,A09,P7A09,P6A9,5106-CEM-0517
A_N39,Plate_0007,A10,P7A10,P6A10,5106-CEM-0518
A_N40,Plate_0007,A11,P7A11,P6A11,5106-CEM-0519
A_N41,Plate_0007,A12,P7A12,P6A12,5106-CEM-0520
A_N42,Plate_0007,B01,P7B01,P6B1,5106-CEM-0521
A_N44,Plate_0007,B02,P7B02,P6B2,5106-CEM-0522
Plate0007_Pos1,Plate_0007,B03,P7B03,P6B3,5106-CEM-0523
Plate0007_Pos2,Plate_0007,B04,P7B04,P6B4,5106-CEM-0524
Plate0007_Neg1,Plate_0007,B05,P7B05,P6B5,5106-CEM-0525
Plate0007_Neg2,Plate_0007,B06,P7B06,P6B6,5106-CEM-0526
A_N46,Plate_0007,B07,P7B07,P6B7,5106-CEM-0527
B_N1,Plate_0007,B08,P7B08,P6B8,5106-CEM-0528
B_N2,Plate_0007,B09,P7B09,P6B9,5106-CEM-0529
B_N3,Plate_0007,B10,P7B10,P6B10,5106-CEM-0530
B_N4,Plate_0007,B11,P7B11,P6B11,5106-CEM-0531
B_N5,Plate_0007,B12,P7B12,P6B12,5106-CEM-0532
B_N6,Plate_0007,C01,P7C01,P6C1,5106-CEM-0533
B_N7,Plate_0007,C02,P7C02,P6C2,5106-CEM-0534
B_N8,Plate_0007,C03,P7C03,P6C3,5106-CEM-0535
B_N9,Plate_0007,C04,P7C04,P6C4,5106-CEM-0536
B_N10,Plate_0007,C05,P7C05,P6C5,5106-CEM-0537
B_N11,Plate_0007,C06,P7C06,P6C6,5106-CEM-0538
B_N12,Plate_0007,C07,P7C07,P6C7,5106-CEM-0539
B_N13,Plate_0007,C08,P7C08,P6C8,5106-CEM-0540
B_N14,Plate_0007,C09,P7C09,P6C9,5106-CEM-0541
B_N15,Plate_0007,C10,P7C10,P6C10,5106-CEM-0542
B_N16,Plate_0007,C11,P7C11,P6C11,5106-CEM-0543
B_N17,Plate_0007,C12,P7C12,P6C12,5106-CEM-0544
B_N18,Plate_0007,D01,P7D01,P6D1,5106-CEM-0545
B_N19,Plate_0007,D02,P7D02,P6D2,5106-CEM-0546
B_N20,Plate_0007,D03,P7D03,P6D3,5106-CEM-0547
B_N21,Plate_0007,D04,P7D04,P6D4,5106-CEM-0548
B_N22,Plate_0007,D05,P7D05,P6D5,5106-CEM-0549
B_N23,Plate_0007,D06,P7D06,P6D6,5106-CEM-0550
B_N24,Plate_0007,D07,P7D07,P6D7,5106-CEM-0551
B_N25,Plate_0007,D08,P7D08,P6D8,5106-CEM-0552
B_N26,Plate_0007,D09,P7D09,P6D9,5106-CEM-0553
B_N27,Plate_0007,D10,P7D10,P6D10,5106-CEM-0554
B_N28,Plate_0007,D11,P7D11,P6D11,5106-CEM-0555
B_N29,Plate_0007,D12,P7D12,P6D12,5106-CEM-0556
B_N30,Plate_0007,E01,P7E01,P6E1,5106-CEM-0557
B_N31,Plate_0007,E02,P7E02,P6E2,5106-CEM-0558
B_N32,Plate_0007,E03,P7E03,P6E3,5106-CEM-0559
B_N33,Plate_0007,E04,P7E04,P6E4,5106-CEM-0560
B_N34,Plate_0007,E05,P7E05,P6E5,5106-CEM-0561
B_N35,Plate_0007,E06,P7E06,P6E6,5106-CEM-0562
B_N36,Plate_0007,E07,P7E07,P6E7,5106-CEM-0563
B_N37,Plate_0007,E08,P7E08,P6E8,5106-CEM-0564
B_N38,Plate_0007,E09,P7E09,P6E9,5106-CEM-0565
B_N39,Plate_0007,E10,P7E10,P6E10,5106-CEM-0566
B_N40,Plate_0007,E11,P7E11,P6E11,5106-CEM-0567
B_N41,Plate_0007,E12,P7E12,P6E12,5106-CEM-0568
B_N42,Plate_0007,F01,P7F01,P6F1,5106-CEM-0569
B_N43,Plate_0007,F02,P7F02,P6F2,5106-CEM-0570
B_N44,Plate_0007,F03,P7F03,P6F3,5106-CEM-0571
B_N45,Plate_0007,F04,P7F04,P6F4,5106-CEM-0572
B_N46,Plate_0007,F05,P7F05,P6F5,5106-CEM-0573
B_N47,Plate_0007,F06,P7F06,P6F6,5106-CEM-0574
B_N48,Plate_0007,F07,P7F07,P6F7,5106-CEM-0575
B_N49,Plate_0007,F08,P7F08,P6F8,5106-CEM-0576
C_N1,Plate_0007,F09,P7F09,P6F9,5106-CEM-0577
C_N2,Plate_0007,F10,P7F10,P6F10,5106-CEM-0578
C_N3,Plate_0007,F11,P7F11,P6F11,5106-CEM-0579
C_N4,Plate_0007,F12,P7F12,P6F12,5106-CEM-0580
C_N5,Plate_0007,G01,P7G01,P6G1,5106-CEM-0581
C_N6,Plate_0007,G02,P7G02,P6G2,5106-CEM-0582
C_N7,Plate_0007,G03,P7G03,P6G3,5106-CEM-0583
C_N8,Plate_0007,G04,P7G04,P6G4,5106-CEM-0584
C_N9,Plate_0007,G05,P7G05,P6G5,5106-CEM-0585
C_N10,Plate_0007,G06,P7G06,P6G6,5106-CEM-0586
C_N11,Plate_0007,G07,P7G07,P6G7,5106-CEM-0587
C_N12,Plate_0007,G08,P7G08,P6G8,5106-CEM-0588
C_N13,Plate_0007,G09,P7G09,P6G9,5106-CEM-0589
C_N14,Plate_0007,G10,P7G10,P6G10,5106-CEM-0590
C_N15,Plate_0007,G11,P7G11,P6G11,5106-CEM-0591
C_N16,Plate_0007,G12,P7G12,P6G12,5106-CEM-0592
C_N17,Plate_0007,H01,P7H01,P6H1,5106-CEM-0593
C_N18,Plate_0007,H02,P7H02,P6H2,5106-CEM-0594
C_N19,Plate_0007,H03,P7H03,P6H3,5106-CEM-0595
C_N20,Plate_0007,H04,P7H04,P6H4,5106-CEM-0596
C_N21,Plate_0007,H05,P7H05,P6H5,5106-CEM-0597
C_N22,Plate_0007,H06,P7H06,P6H6,5106-CEM-0598
C_N23,Plate_0007,H07,P7H07,P6H7,5106-CEM-0599
C_N24,Plate_0007,H08,P7H08,P6H8,5106-CEM-0600
C_N25,Plate_0007,H09,P7H09,P6H9,5106-CEM-0601
C_N26,Plate_0007,H10,P7H10,P6H10,5106-CEM-0602
C_N27,Plate_0007,H11,P7H11,P6H11,5106-CEM-0603
C_N28,Plate_0007,H12,P7H12,P6H12,5106-CEM-0604
C_N29,Plate_0008,A01,P8A01,P7A1,5106-CEM-0605
C_N30,Plate_0008,A02,P8A02,P7A2,5106-CEM-0606
C_N31,Plate_0008,A03,P8A03,P7A3,5106-CEM-0607
C_N32,Plate_0008,A04,P8A04,P7A4,5106-CEM-0608
C_N33,Plate_0008,A05,P8A05,P7A5,5106-CEM-0609
C_N34,Plate_0008,A06,P8A06,P7A6,5106-CEM-0610
C_N35,Plate_0008,A07,P8A07,P7A7,5106-CEM-0611
C_N36,Plate_0008,A08,P8A08,P7A8,5106-CEM-0612
C_N37,Plate_0008,A09,P8A09,P7A9,5106-CEM-0613
C_N38,Plate_0008,A10,P8A10,P7A10,5106-CEM-0614
C_N39,Plate_0008,A11,P8A11,P7A11,5106-CEM-0615
C_N40,Plate_0008,A12,P8A12,P7A12,5106-CEM-0616
C_N41,Plate_0008,B01,P8B01,P7B1,5106-CEM-0617
C_N42,Plate_0008,B02,P8B02,P7B2,5106-CEM-0618
C_N43,Plate_0008,B03,P8B03,P7B3,5106-CEM-0619
C_N44,Plate_0008,B04,P8B04,P7B4,5106-CEM-0620
C_N45,Plate_0008,B05,P8B05,P7B5,5106-CEM-0621
C_N46,Plate_0008,B06,P8B06,P7B6,5106-CEM-0622
C_N47,Plate_0008,B07,P8B07,P7B7,5106-CEM-0623
C_N48,Plate_0008,B08,P8B08,P7B8,5106-CEM-0624
C_N49,Plate_0008,B09,P8B09,P7B9,5106-CEM-0625
A_B1,Plate_0008,B10,P8B10,P7B10,5106-CEM-0626
A_B2,Plate_0008,B11,P8B11,P7B11,5106-CEM-0627
A_B3,Plate_0008,B12,P8B12,P7B12,5106-CEM-0628
A_B4,Plate_0008,C01,P8C01,P7C1,5106-CEM-0629
A_B5,Plate_0008,C02,P8C02,P7C2,5106-CEM-0630
A_B6,Plate_0008,C03,P8C03,P7C3,5106-CEM-0631
A_B7,Plate_0008,C04,P8C04,P7C4,5106-CEM-0632
A_B8,Plate_0008,C05,P8C05,P7C5,5106-CEM-0633
A_B9,Plate_0008,C06,P8C06,P7C6,5106-CEM-0634
A_B10,Plate_0008,C07,P8C07,P7C7,5106-CEM-0635
A_B11,Plate_0008,C08,P8C08,P7C8,5106-CEM-0636
A_B12,Plate_0008,C09,P8C09,P7C9,5106-CEM-0637
A_B13,Plate_0008,C10,P8C10,P7C10,5106-CEM-0638
A_B14,Plate_0008,C11,P8C11,P7C11,5106-CEM-0639
A_B15,Plate_0008,C12,P8C12,P7C12,5106-CEM-0640
A_B16,Plate_0008,D01,P8D01,P7D1,5106-CEM-0641
A_B17,Plate_0008,D02,P8D02,P7D2,5106-CEM-0642
A_B18,Plate_0008,D03,P8D03,P7D3,5106-CEM-0643
A_B20,Plate_0008,D04,P8D04,P7D4,5106-CEM-0644
A_B21,Plate_0008,D05,P8D05,P7D5,5106-CEM-0645
A_B23,Plate_0008,D06,P8D06,P7D6,5106-CEM-0646
A_B24,Plate_0008,D07,P8D07,P7D7,5106-CEM-0647
A_B25,Plate_0008,D08,P8D08,P7D8,5106-CEM-0648
B_B1,Plate_0008,D09,P8D09,P7D9,5106-CEM-0649
B_B2,Plate_0008,D10,P8D10,P7D10,5106-CEM-0650
B_B3,Plate_0008,D11,P8D11,P7D11,5106-CEM-0651
B_B4,Plate_0008,D12,P8D12,P7D12,5106-CEM-0652
B_B5,Plate_0008,E01,P8E01,P7E1,5106-CEM-0653
B_B6,Plate_0008,E02,P8E02,P7E2,5106-CEM-0654
B_B7,Plate_0008,E03,P8E03,P7E3,5106-CEM-0655
B_B8,Plate_0008,E04,P8E04,P7E4,5106-CEM-0656
B_B9,Plate_0008,E05,P8E05,P7E5,5106-CEM-0657
B_B10,Plate_0008,E06,P8E06,P7E6,5106-CEM-0658
B_B11,Plate_0008,E07,P8E07,P7E7,5106-CEM-0659
B_B12,Plate_0008,E08,P8E08,P7E8,5106-CEM-0660
B_B13,Plate_0008,E09,P8E09,P7E9,5106-CEM-0661
B_B14,Plate_0008,E10,P8E10,P7E10,5106-CEM-0662
B_B15,Plate_0008,E11,P8E11,P7E11,5106-CEM-0663
B_B16,Plate_0008,E12,P8E12,P7E12,5106-CEM-0664
B_B17,Plate_0008,F01,P8F01,P7F1,5106-CEM-0665
B_B18,Plate_0008,F02,P8F02,P7F2,5106-CEM-0666
B_B19,Plate_0008,F03,P8F03,P7F3,5106-CEM-0667
B_B20,Plate_0008,F04,P8F04,P7F4,5106-CEM-0668
B_B21,Plate_0008,F05,P8F05,P7F5,5106-CEM-0669
B_B22,Plate_0008,F06,P8F06,P7F6,5106-CEM-0670
B_B23,Plate_0008,F07,P8F07,P7F7,5106-CEM-0671
B_B24,Plate_0008,F08,P8F08,P7F8,5106-CEM-0672
B_B25,Plate_0008,F09,P8F09,P7F9,5106-CEM-0673
C_B1,Plate_0008,F10,P8F10,P7F10,5106-CEM-0674
C_B2,Plate_0008,F11,P8F11,P7F11,5106-CEM-0675
C_B3,Plate_0008,F12,P8F12,P7F12,5106-CEM-0676
Plate0008_Pos1,Plate_0008,G01,P8G01,P7G1,5106-CEM-0677
Plate0008_Pos2,Plate_0008,G02,P8G02,P7G2,5106-CEM-0678
Plate0008_Neg1,Plate_0008,G03,P8G03,P7G3,5106-CEM-0679
Plate0008_Neg2,Plate_0008,G04,P8G04,P7G4,5106-CEM-0680
C_B4,Plate_0008,G05,P8G05,P7G5,5106-CEM-0681
C_B5,Plate_0008,G06,P8G06,P7G6,5106-CEM-0682
C_B6,Plate_0008,G07,P8G07,P7G7,5106-CEM-0683
C_B7,Plate_0008,G08,P8G08,P7G8,5106-CEM-0684
C_B8,Plate_0008,G09,P8G09,P7G9,5106-CEM-0685
C_B9,Plate_0008,G10,P8G10,P7G10,5106-CEM-0686
C_B10,Plate_0008,G11,P8G11,P7G11,5106-CEM-0687
C_B11,Plate_0008,G12,P8G12,P7G12,5106-CEM-0688
C_B12,Plate_0008,H01,P8H01,P7H1,5106-CEM-0689
C_B13,Plate_0008,H02,P8H02,P7H2,5106-CEM-0690
C_B14,Plate_0008,H03,P8H03,P7H3,5106-CEM-0691
C_B15,Plate_0008,H04,P8H04,P7H4,5106-CEM-0692
C_B16,Plate_0008,H05,P8H05,P7H5,5106-CEM-0693
C_B17,Plate_0008,H06,P8H06,P7H6,5106-CEM-0694
C_B18,Plate_0008,H07,P8H07,P7H7,5106-CEM-0695
C_B19,Plate_0008,H08,P8H08,P7H8,5106-CEM-0696
C_B20,Plate_0008,H09,P8H09,P7H9,5106-CEM-0697
C_B21,Plate_0008,H10,P8H10,P7H10,5106-CEM-0698
C_B22,Plate_0008,H11,P8H11,P7H11,5106-CEM-0699
C_B23,Plate_0008,H12,P8H12,P7H12,5106-CEM-0700
C_B24,Plate_0009,A01,P9A01,P8A1,5106-CEM-0701
C_B25,Plate_0009,A02,P9A02,P8A2,5106-CEM-0702
A_M1,Plate_0009,A03,P9A03,P8A3,5106-CEM-0703
A_M2,Plate_0009,A04,P9A04,P8A4,5106-CEM-0704
A_M3,Plate_0009,A05,P9A05,P8A5,5106-CEM-0705
A_M7,Plate_0009,A06,P9A06,P8A6,5106-CEM-0706
A_M8,Plate_0009,A07,P9A07,P8A7,5106-CEM-0707
A_M10,Plate_0009,A08,P9A08,P8A8,5106-CEM-0708
A_M11,Plate_0009,A09,P9A09,P8A9,5106-CEM-0709
A_M12,Plate_0009,A10,P9A10,P8A10,5106-CEM-0710
A_M13,Plate_0009,A11,P9A11,P8A11,5106-CEM-0711
A_M14,Plate_0009,A12,P9A12,P8A12,5106-CEM-0712
B_M1,Plate_0009,B01,P9B01,P8B1,5106-CEM-0713
B_M2,Plate_0009,B02,P9B02,P8B2,5106-CEM-0714
B_M3,Plate_0009,B03,P9B03,P8B3,5106-CEM-0715
B_M4,Plate_0009,B04,P9B04,P8B4,5106-CEM-0716
B_M5,Plate_0009,B05,P9B05,P8B5,5106-CEM-0717
Plate0009_Pos1,Plate_0009,B06,P9B06,P8B6,5106-CEM-0718
Plate0009_Pos2,Plate_0009,B07,P9B07,P8B7,5106-CEM-0719
Plate0009_Neg1,Plate_0009,B08,P9B08,P8B8,5106-CEM-0720
Plate0009_Neg2,Plate_0009,B09,P9B09,P8B9,5106-CEM-0721
B_M6,Plate_0009,B10,P9B10,P8B10,5106-CEM-0722
B_M7,Plate_0009,B11,P9B11,P8B11,5106-CEM-0723
B_M8,Plate_0009,B12,P9B12,P8B12,5106-CEM-0724
B_M9,Plate_0009,C01,P9C01,P8C1,5106-CEM-0725
B_M10,Plate_0009,C02,P9C02,P8C2,5106-CEM-0726
B_M11,Plate_0009,C03,P9C03,P8C3,5106-CEM-0727
B_M12,Plate_0009,C04,P9C04,P8C4,5106-CEM-0728
B_M13,Plate_0009,C05,P9C05,P8C5,5106-CEM-0729
B_M14,Plate_0009,C06,P9C06,P8C6,5106-CEM-0730
C_M1,Plate_0009,C07,P9C07,P8C7,5106-CEM-0731
C_M2,Plate_0009,C08,P9C08,P8C8,5106-CEM-0732
C_M3,Plate_0009,C09,P9C09,P8C9,5106-CEM-0733
C_M4,Plate_0009,C10,P9C10,P8C10,5106-CEM-0734
C_M5,Plate_0009,C11,P9C11,P8C11,5106-CEM-0735
C_M6,Plate_0009,C12,P9C12,P8C12,5106-CEM-0736
C_M7,Plate_0009,D01,P9D01,P8D1,5106-CEM-0737
C_M8,Plate_0009,D02,P9D02,P8D2,5106-CEM-0738
C_M9,Plate_0009,D03,P9D03,P8D3,5106-CEM-0739
C_M10,Plate_0009,D04,P9D04,P8D4,5106-CEM-0740
C_M11,Plate_0009,D05,P9D05,P8D5,5106-CEM-0741
C_M12,Plate_0009,D06,P9D06,P8D6,5106-CEM-0742
C_M13,Plate_0009,D07,P9D07,P8D7,5106-CEM-0743
C_M14,Plate_0009,D08,P9D08,P8D8,5106-CEM-0744
A_V1,Plate_0009,D09,P9D09,P8D9,5106-CEM-0745
A_V2,Plate_0009,D10,P9D10,P8D10,5106-CEM-0746
A_V3,Plate_0009,D11,P9D11,P8D11,5106-CEM-0747
A_V4,Plate_0009,D12,P9D12,P8D12,5106-CEM-0748
A_V5,Plate_0009,E01,P9E01,P8E1,5106-CEM-0749
A_V6,Plate_0009,E02,P9E02,P8E2,5106-CEM-0750
A_V7,Plate_0009,E03,P9E03,P8E3,5106-CEM-0751
A_V8,Plate_0009,E04,P9E04,P8E4,5106-CEM-0752
A_V9,Plate_0009,E05,P9E05,P8E5,5106-CEM-0753
A_V10,Plate_0009,E06,P9E06,P8E6,5106-CEM-0754
A_V11,Plate_0009,E07,P9E07,P8E7,5106-CEM-0755
A_V12,Plate_0009,E08,P9E08,P8E8,5106-CEM-0756
A_V13,Plate_0009,E09,P9E09,P8E9,5106-CEM-0757
A_V14,Plate_0009,E10,P9E10,P8E10,5106-CEM-0758
A_V15,Plate_0009,E11,P9E11,P8E11,5106-CEM-0759
A_V16,Plate_0009,E12,P9E12,P8E12,5106-CEM-0760
B_V2,Plate_0009,F01,P9F01,P8F1,5106-CEM-0761
B_V3,Plate_0009,F02,P9F02,P8F2,5106-CEM-0762
B_V4,Plate_0009,F03,P9F03,P8F3,5106-CEM-0763
B_V5,Plate_0009,F04,P9F04,P8F4,5106-CEM-0764
B_V6,Plate_0009,F05,P9F05,P8F5,5106-CEM-0765
B_V7,Plate_0009,F06,P9F06,P8F6,5106-CEM-0766
B_V8,Plate_0009,F07,P9F07,P8F7,5106-CEM-0767
B_V9,Plate_0009,F08,P9F08,P8F8,5106-CEM-0768
B_V10,Plate_0009,F09,P9F09,P8F9,5106-CEM-0769
B_V11,Plate_0009,F10,P9F10,P8F10,5106-CEM-0770
B_V12,Plate_0009,F11,P9F11,P8F11,5106-CEM-0771
B_V13,Plate_0009,F12,P9F12,P8F12,5106-CEM-0772
B_V14,Plate_0009,G01,P9G01,P8G1,5106-CEM-0773
B_V15,Plate_0009,G02,P9G02,P8G2,5106-CEM-0774
B_V16,Plate_0009,G03,P9G03,P8G3,5106-CEM-0775
C_V1,Plate_0009,G04,P9G04,P8G4,5106-CEM-0776
C_V2,Plate_0009,G05,P9G05,P8G5,5106-CEM-0777
C_V3,Plate_0009,G06,P9G06,P8G6,5106-CEM-0778
C_V4,Plate_0009,G07,P9G07,P8G7,5106-CEM-0779
C_V5,Plate_0009,G08,P9G08,P8G8,5106-CEM-0780
C_V6,Plate_0009,G09,P9G09,P8G9,5106-CEM-0781
C_V7,Plate_0009,G10,P9G10,P8G10,5106-CEM-0782
C_V8,Plate_0009,G11,P9G11,P8G11,5106-CEM-0783
C_V9,Plate_0009,G12,P9G12,P8G12,5106-CEM-0784
C_V10,Plate_0009,H01,P9H01,P8H1,5106-CEM-0785
C_V11,Plate_0009,H02,P9H02,P8H2,5106-CEM-0786
C_V12,Plate_0009,H03,P9H03,P8H3,5106-CEM-0787
C_V13,Plate_0009,H04,P9H04,P8H4,5106-CEM-0788
C_V14,Plate_0009,H05,P9H05,P8H5,5106-CEM-0789
C_V15,Plate_0009,H06,P9H06,P8H6,5106-CEM-0790
C_V16,Plate_0009,H07,P9H07,P8H7,5106-CEM-0791
A_Cir1,Plate_0009,H08,P9H08,P8H8,5106-CEM-0792
A_Cir2,Plate_0009,H09,P9H09,P8H9,5106-CEM-0793
A_Cir3,Plate_0009,H10,P9H10,P8H10,5106-CEM-0794
A_Cir4,Plate_0009,H11,P9H11,P8H11,5106-CEM-0795
B_Cir1,Plate_0009,H12,P9H12,P8H12,5106-CEM-0796
B_Cir2,Plate_0010,A01,P0A01,P9A1,5106-CEM-0797
B_Cir3,Plate_0010,A02,P0A02,P9A2,5106-CEM-0798
B_Cir4,Plate_0010,A03,P0A03,P9A3,5106-CEM-0799
C_Cir1,Plate_0010,A04,P0A04,P9A4,5106-CEM-0800
C_Cir2,Plate_0010,A05,P0A05,P9A5,5106-CEM-0801
C_Cir3,Plate_0010,A06,P0A06,P9A6,5106-CEM-0802
C_Cir4,Plate_0010,A07,P0A07,P9A7,5106-CEM-0803
A_J1,Plate_0010,A08,P0A08,P9A8,5106-CEM-0804
A_J2,Plate_0010,A09,P0A09,P9A9,5106-CEM-0805
A_J3,Plate_0010,A10,P0A10,P9A10,5106-CEM-0806
A_J4,Plate_0010,A11,P0A11,P9A11,5106-CEM-0807
A_J5,Plate_0010,A12,P0A12,P9A12,5106-CEM-0808
A_J6,Plate_0010,B01,P0B01,P9B1,5106-CEM-0809
A_J7,Plate_0010,B02,P0B02,P9B2,5106-CEM-0810
A_J8,Plate_0010,B03,P0B03,P9B3,5106-CEM-0811
A_J9,Plate_0010,B04,P0B04,P9B4,5106-CEM-0812
A_J10,Plate_0010,B05,P0B05,P9B5,5106-CEM-0813
A_J11,Plate_0010,B06,P0B06,P9B6,5106-CEM-0814
A_J12,Plate_0010,B07,P0B07,P9B7,5106-CEM-0815
A_J13,Plate_0010,B08,P0B08,P9B8,5106-CEM-0816
A_J14,Plate_0010,B09,P0B09,P9B9,5106-CEM-0817
A_J15,Plate_0010,B10,P0B10,P9B10,5106-CEM-0818
A_J16,Plate_0010,B11,P0B11,P9B11,5106-CEM-0819
A_J17,Plate_0010,B12,P0B12,P9B12,5106-CEM-0820
A_J18,Plate_0010,C01,P0C01,P9C1,5106-CEM-0821
A_J19,Plate_0010,C02,P0C02,P9C2,5106-CEM-0822
A_J20,Plate_0010,C03,P0C03,P9C3,5106-CEM-0823
A_J21,Plate_0010,C04,P0C04,P9C4,5106-CEM-0824
A_J22,Plate_0010,C05,P0C05,P9C5,5106-CEM-0825
A_J23,Plate_0010,C06,P0C06,P9C6,5106-CEM-0826
A_J24,Plate_0010,C07,P0C07,P9C7,5106-CEM-0827
A_J25,Plate_0010,C08,P0C08,P9C8,5106-CEM-0828
A_J26,Plate_0010,C09,P0C09,P9C9,5106-CEM-0829
A_J27,Plate_0010,C10,P0C10,P9C10,5106-CEM-0830
B_J1,Plate_0010,C11,P0C11,P9C11,5106-CEM-0831
B_J2,Plate_0010,C12,P0C12,P9C12,5106-CEM-0832
B_J3,Plate_0010,D01,P0D01,P9D1,5106-CEM-0833
B_J4,Plate_0010,D02,P0D02,P9D2,5106-CEM-0834
B_J5,Plate_0010,D03,P0D03,P9D3,5106-CEM-0835
B_J6,Plate_0010,D04,P0D04,P9D4,5106-CEM-0836
B_J7,Plate_0010,D05,P0D05,P9D5,5106-CEM-0837
B_J8,Plate_0010,D06,P0D06,P9D6,5106-CEM-0838
B_J9,Plate_0010,D07,P0D07,P9D7,5106-CEM-0839
B_J10,Plate_0010,D08,P0D08,P9D8,5106-CEM-0840
B_J11,Plate_0010,D09,P0D09,P9D9,5106-CEM-0841
B_J12,Plate_0010,D10,P0D10,P9D10,5106-CEM-0842
B_J13,Plate_0010,D11,P0D11,P9D11,5106-CEM-0843
B_J14,Plate_0010,D12,P0D12,P9D12,5106-CEM-0844
B_J15,Plate_0010,E01,P0E01,P9E1,5106-CEM-0845
B_J16,Plate_0010,E02,P0E02,P9E2,5106-CEM-0846
B_J17,Plate_0010,E03,P0E03,P9E3,5106-CEM-0847
B_J18,Plate_0010,E04,P0E04,P9E4,5106-CEM-0848
B_J19,Plate_0010,E05,P0E05,P9E5,5106-CEM-0849
B_J20,Plate_0010,E06,P0E06,P9E6,5106-CEM-0850
B_J21,Plate_0010,E07,P0E07,P9E7,5106-CEM-0851
B_J22,Plate_0010,E08,P0E08,P9E8,5106-CEM-0852
B_J23,Plate_0010,E09,P0E09,P9E9,5106-CEM-0853
B_J24,Plate_0010,E10,P0E10,P9E10,5106-CEM-0854
B_J25,Plate_0010,E11,P0E11,P9E11,5106-CEM-0855
B_J26,Plate_0010,E12,P0E12,P9E12,5106-CEM-0856
B_J27,Plate_0010,F01,P0F01,P9F1,5106-CEM-0857
C_J1,Plate_0010,F02,P0F02,P9F2,5106-CEM-0858
C_J2,Plate_0010,F03,P0F03,P9F3,5106-CEM-0859
C_J3,Plate_0010,F04,P0F04,P9F4,5106-CEM-0860
C_J4,Plate_0010,F05,P0F05,P9F5,5106-CEM-0861
C_J5,Plate_0010,F06,P0F06,P9F6,5106-CEM-0862
C_J6,Plate_0010,F07,P0F07,P9F7,5106-CEM-0863
C_J7,Plate_0010,F08,P0F08,P9F8,5106-CEM-0864
C_J8,Plate_0010,F09,P0F09,P9F9,5106-CEM-0865
C_J9,Plate_0010,F10,P0F10,P9F10,5106-CEM-0866
C_J10,Plate_0010,F11,P0F11,P9F11,5106-CEM-0867
C_J11,Plate_0010,F12,P0F12,P9F12,5106-CEM-0868
C_J12,Plate_0010,G01,P0G01,P9G1,5106-CEM-0869
C_J13,Plate_0010,G02,P0G02,P9G2,5106-CEM-0870
C_J14,Plate_0010,G03,P0G03,P9G3,5106-CEM-0871
Plate0010_Pos1,Plate_0010,G04,P0G04,P9G4,5106-CEM-0872
Plate0010_Pos2,Plate_0010,G05,P0G05,P9G5,5106-CEM-0873
Plate0010_Neg1,Plate_0010,G06,P0G06,P9G6,5106-CEM-0874
Plate0010_Neg2,Plate_0010,G07,P0G07,P9G7,5106-CEM-0875
C_J15,Plate_0010,G08,P0G08,P9G8,5106-CEM-0876
C_J16,Plate_0010,G09,P0G09,P9G9,5106-CEM-0877
C_J17,Plate_0010,G10,P0G10,P9G10,5106-CEM-0878
C_J18,Plate_0010,G11,P0G11,P9G11,5106-CEM-0879
C_J19,Plate_0010,G12,P0G12,P9G12,5106-CEM-0880
C_J20,Plate_0010,H01,P0H01,P9H1,5106-CEM-0881
C_J21,Plate_0010,H02,P0H02,P9H2,5106-CEM-0882
C_J22,Plate_0010,H03,P0H03,P9H3,5106-CEM-0883
C_J23,Plate_0010,H04,P0H04,P9H4,5106-CEM-0884
C_J24,Plate_0010,H05,P0H05,P9H5,5106-CEM-0885
C_J25,Plate_0010,H06,P0H06,P9H6,5106-CEM-0886
C_J26,Plate_0010,H07,P0H07,P9H7,5106-CEM-0887
C_J27,Plate_0010,H08,P0H08,P9H8,5106-CEM-0888
A_P1,Plate_0010,H09,P0H09,P9H9,5106-CEM-0889
A_P2,Plate_0010,H10,P0H10,P9H10,5106-CEM-0890
A_P3,Plate_0010,H11,P0H11,P9H11,5106-CEM-0891
A_P4,Plate_0010,H12,P0H12,P9H12,5106-CEM-0892
A_P5,Plate_0011,A01,P1A01,,
A_P6,Plate_0011,A02,P1A02,,
A_P7,Plate_0011,A03,P1A03,,
A_P8,Plate_0011,A04,P1A04,,
A_P9,Plate_0011,A05,P1A05,,
A_P10,Plate_0011,A06,P1A06,,
A_P11,Plate_0011,A07,P1A07,,
A_P12,Plate_0011,A08,P1A08,,
A_P19,Plate_0011,A09,P1A09,,
A_P20,Plate_0011,A10,P1A10,,
A_P24,Plate_0011,A11,P1A11,,
A_P25,Plate_0011,A12,P1A12,,
A_P26,Plate_0011,B01,P1B01,,
A_P28,Plate_0011,B02,P1B02,,
A_P29,Plate_0011,B03,P1B03,,
A_P30,Plate_0011,B04,P1B04,,
A_P32,Plate_0011,B05,P1B05,,
A_P33,Plate_0011,B06,P1B06,,
A_P34,Plate_0011,B07,P1B07,,
A_P35,Plate_0011,B08,P1B08,,
A_P36,Plate_0011,B09,P1B09,,
A_P37,Plate_0011,B10,P1B10,,
A_P38,Plate_0011,B11,P1B11,,
A_P39,Plate_0011,B12,P1B12,,
A_P40,Plate_0011,C01,P1C01,,
A_P41,Plate_0011,C02,P1C02,,
A_P42,Plate_0011,C03,P1C03,,
A_P43,Plate_0011,C04,P1C04,,
A_P44,Plate_0011,C05,P1C05,,
A_P45,Plate_0011,C06,P1C06,,
B_P1,Plate_0011,C07,P1C07,,
B_P3,Plate_0011,C08,P1C08,,
Plate0011_Pos1,Plate_0011,C09,P1C09,,
Plate0011_Pos2,Plate_0011,C10,P1C10,,
Plate0011_Neg1,Plate_0011,C11,P1C11,,
Plate0011_Neg2,Plate_0011,C12,P1C12,,
B_P4,Plate_0011,D01,P1D01,,
B_P5,Plate_0011,D02,P1D02,,
B_P6,Plate_0011,D03,P1D03,,
B_P7,Plate_0011,D04,P1D04,,
B_P8,Plate_0011,D05,P1D05,,
B_P9,Plate_0011,D06,P1D06,,
B_P10,Plate_0011,D07,P1D07,,
B_P11,Plate_0011,D08,P1D08,,
B_P12,Plate_0011,D09,P1D09,,
B_P14,Plate_0011,D10,P1D10,,
B_P15,Plate_0011,D11,P1D11,,
B_P16,Plate_0011,D12,P1D12,,
B_P17,Plate_0011,E01,P1E01,,
B_P18,Plate_0011,E02,P1E02,,
B_P19,Plate_0011,E03,P1E03,,
B_P20,Plate_0011,E04,P1E04,,
B_P21,Plate_0011,E05,P1E05,,
B_P22,Plate_0011,E06,P1E06,,
B_P23,Plate_0011,E07,P1E07,,
B_P24,Plate_0011,E08,P1E08,,
B_P25,Plate_0011,E09,P1E09,,
B_P26,Plate_0011,E10,P1E10,,
B_P27,Plate_0011,E11,P1E11,,
B_P28,Plate_0011,E12,P1E12,,
B_P29,Plate_0011,F01,P1F01,,
B_P30,Plate_0011,F02,P1F02,,
B_P31,Plate_0011,F03,P1F03,,
B_P32,Plate_0011,F04,P1F04,,
B_P33,Plate_0011,F05,P1F05,,
B_P34,Plate_0011,F06,P1F06,,
B_P35,Plate_0011,F07,P1F07,,
B_P36,Plate_0011,F08,P1F08,,
B_P37,Plate_0011,F09,P1F09,,
B_P38,Plate_0011,F10,P1F10,,
B_P39,Plate_0011,F11,P1F11,,
B_P40,Plate_0011,F12,P1F12,,
B_P41,Plate_0011,G01,P1G01,,
B_P42,Plate_0011,G02,P1G02,,
B_P43,Plate_0011,G03,P1G03,,
B_P44,Plate_0011,G04,P1G04,,
B_P45,Plate_0011,G05,P1G05,,
C_P1,Plate_0011,G06,P1G06,,
C_P2,Plate_0011,G07,P1G07,,
C_P3,Plate_0011,G08,P1G08,,
C_P4,Plate_0011,G09,P1G09,,
C_P5,Plate_0011,G10,P1G10,,
C_P6,Plate_0011,G11,P1G11,,
C_P7,Plate_0011,G12,P1G12,,
C_P8,Plate_0011,H01,P1H01,,
C_P9,Plate_0011,H02,P1H02,,
C_P10,Plate_0011,H03,P1H03,,
C_P11,Plate_0011,H04,P1H04,,
C_P12,Plate_0011,H05,P1H05,,
C_P14,Plate_0011,H06,P1H06,,
C_P15,Plate_0011,H07,P1H07,,
C_P16,Plate_0011,H08,P1H08,,
C_P17,Plate_0011,H09,P1H09,,
C_P18,Plate_0011,H10,P1H10,,
C_P19,Plate_0011,H11,P1H11,,
C_P20,Plate_0011,H12,P1H12,,
C_P21,Plate_0012,A01,P2A01,,
C_P22,Plate_0012,A02,P2A02,,
C_P23,Plate_0012,A03,P2A03,,
C_P24,Plate_0012,A04,P2A04,,
C_P25,Plate_0012,A05,P2A05,,
C_P26,Plate_0012,A06,P2A06,,
C_P27,Plate_0012,A07,P2A07,,
C_P28,Plate_0012,A08,P2A08,,
C_P29,Plate_0012,A09,P2A09,,
C_P30,Plate_0012,A10,P2A10,,
C_P31,Plate_0012,A11,P2A11,,
C_P32,Plate_0012,A12,P2A12,,
C_P33,Plate_0012,B01,P2B01,,
C_P34,Plate_0012,B02,P2B02,,
C_P35,Plate_0012,B03,P2B03,,
C_P36,Plate_0012,B04,P2B04,,
C_P37,Plate_0012,B05,P2B05,,
C_P38,Plate_0012,B06,P2B06,,
C_P39,Plate_0012,B07,P2B07,,
C_P40,Plate_0012,B08,P2B08,,
C_P41,Plate_0012,B09,P2B09,,
C_P42,Plate_0012,B10,P2B10,,
C_P43,Plate_0012,B11,P2B11,,
C_P44,Plate_0012,B12,P2B12,,
C_P45,Plate_0012,C01,P2C01,,
Plate0012_Pos1,Plate_0012,C02,P2C02,,
Plate0012_Pos2,Plate_0012,C03,P2C03,,
Plate0012_Neg1,Plate_0012,C04,P2C04,,
Plate0012_Neg2,Plate_0012,C05,P2C05,,
,,,P,,
,,,P,,
,,,P,,
,,,P,,
,,,P,,
,,,P,,
,,,P,,
,,,P,,
,,,P,,
,,,P,,
,,,P,,
,,,P,,
,,,P,,
,,,P,,
,,,P,,
,,,P,,
,,,P,,
,,,P,,
,,,P,,
,,,P,,
,,,P,,
,,,P,,
,,,P,,
,,,P,,
,,,P,,
,,,P,,
,,,P,,
,,,P,,
,,,P,,
,,,P,,
,,,P,,
,,,P,,
,,,P,,
,,,P,,
,,,P,,
,,,P,,
,,,P,,
,,,P,,
,,,P,,
,,,P,,
,,,P,,
,,,P,,
,,,P,,
,,,P,,
,,,P,,
,,,P,,
,,,P,,
,,,P,,
,,,P,,
,,,P,,
,,,P,,
,,,P,,
,,,P,,
,,,P,,
,,,P,,
,,,P,,
,,,P,,
,,,P,,
,,,P,,
,,,P,,
,,,P,,
,,,P,,
,,,P,,
,,,P,,
,,,P,,
,,,P,,
,,,P,,
,,,P,,
,,,P,,
,,,P,,
,,,P,,
,,,P,,
,,,P,,
,,,P,,
,,,P,,
,,,P,,
,,,P,,
,,,P,,
,,,P,,
,,,P,,
,,,P,,
,,,P,,
,,,P,,
,,,P,,
,,,P,,
,,,P,,
,,,P,,
,,,P,,
,,,P,,
,,,P,,
,,,P,,
,,,P,,
,,,P,,
,,,P,,
,,,P,,
,,,P,,
,,,P,,
,,,P,,
,,,P,,
,,,P,,
,,,P,,
,,,P,,
,,,P,,
,,,P,,
,,,P,,
,,,P,,
,,,P,,