sample_id,CSD_ID_Corrected,barcode,Yield,Date Collected,Username,Country,State,CityCode,City,Location_Type,location,line,Average_Ridership (2016),Latitude,Longitude,Object Swabbed,surface_material,Temperature ℃,Duplicate,UUID,,
HKMTR1001AM,CSD16-HON-HKMTR1001AM,N/A,N/A,N/A,N/A,China,N/A,HKG,Hong Kong,Indoor Line,Island,MTR,N/A,N/A,N/A,N/A,Air,N/A,,,,
HKMTR1001PM,CSD16-HON-HKMTR1001PM,N/A,N/A,N/A,N/A,China,N/A,HKG,Hong Kong,Indoor Line,Island,MTR,N/A,N/A,N/A,N/A,Air,N/A,,,,
HKMTR1002AM,CSD16-HON-HKMTR1002AM,N/A,N/A,N/A,N/A,China,N/A,HKG,Hong Kong,Indoor Line,Tsuen Wan,MTR,N/A,N/A,N/A,N/A,Air,N/A,,,,
HKMTR1002PM,CSD16-HON-HKMTR1002PM,N/A,N/A,N/A,N/A,China,N/A,HKG,Hong Kong,Indoor Line,Tsuen Wan,MTR,N/A,N/A,N/A,N/A,Air,N/A,,,,
HKMTR1003AM,CSD16-HON-HKMTR1003AM,N/A,N/A,N/A,N/A,China,N/A,HKG,Hong Kong,Indoor Line,Kwun Tong,MTR,N/A,N/A,N/A,N/A,Air,N/A,,,,
HKMTR1003PM,CSD16-HON-HKMTR1003PM,N/A,N/A,N/A,N/A,China,N/A,HKG,Hong Kong,Indoor Line,Kwun Tong,MTR,N/A,N/A,N/A,N/A,Air,N/A,,,,
HKMTR1004AM,CSD16-HON-HKMTR1004AM,N/A,N/A,N/A,N/A,China,N/A,HKG,Hong Kong,Outdoor Line,East Rail,MTR,N/A,N/A,N/A,N/A,Air,N/A,,,,
HKMTR1004PM,CSD16-HON-HKMTR1004PM,N/A,N/A,N/A,N/A,China,N/A,HKG,Hong Kong,Outdoor Line,East Rail,MTR,N/A,N/A,N/A,N/A,Air,N/A,,,,
HKMTR1005AM,CSD16-HON-HKMTR1005AM,N/A,N/A,N/A,N/A,China,N/A,HKG,Hong Kong,Outdoor Line,West Rail,MTR,N/A,N/A,N/A,N/A,Air,N/A,,,,
HKMTR1005PM,CSD16-HON-HKMTR1005PM,N/A,N/A,N/A,N/A,China,N/A,HKG,Hong Kong,Outdoor Line,West Rail,MTR,N/A,N/A,N/A,N/A,Air,N/A,,,,
HKMTR1006AM,CSD16-HON-HKMTR1006AM,N/A,N/A,N/A,N/A,China,N/A,HKG,Hong Kong,Indoor Line,Tseung Kwan O,MTR,N/A,N/A,N/A,N/A,Air,N/A,,,,
HKMTR1006PM,CSD16-HON-HKMTR1006PM,N/A,N/A,N/A,N/A,China,N/A,HKG,Hong Kong,Indoor Line,Tseung Kwan O,MTR,N/A,N/A,N/A,N/A,Air,N/A,,,,
HKMTR1007AM,CSD16-HON-HKMTR1007AM,N/A,N/A,N/A,N/A,China,N/A,HKG,Hong Kong,Outdoor Line,Ma On Shan,MTR,N/A,N/A,N/A,N/A,Air,N/A,,,,
HKMTR1007PM,CSD16-HON-HKMTR1007PM,N/A,N/A,N/A,N/A,China,N/A,HKG,Hong Kong,Outdoor Line,Ma On Shan,MTR,N/A,N/A,N/A,N/A,Air,N/A,,,,
HKMTR2001PK,CSD16-HON-HKMTR2001PK,N/A,N/A,N/A,N/A,China,N/A,HKG,Hong Kong,Indoor Line,Island,MTR,N/A,N/A,N/A,N/A,Air,N/A,,,,
HKMTR2001NPK,CSD16-HON-HKMTR2001NPK,N/A,N/A,N/A,N/A,China,N/A,HKG,Hong Kong,Indoor Line,Island,MTR,N/A,N/A,N/A,N/A,Air,N/A,,,,
HKMTR2002PK,CSD16-HON-HKMTR2002PK,N/A,N/A,N/A,N/A,China,N/A,HKG,Hong Kong,Indoor Line,Tsuen Wan,MTR,N/A,N/A,N/A,N/A,Air,N/A,,,,
HKMTR2002NPK,CSD16-HON-HKMTR2002NPK,N/A,N/A,N/A,N/A,China,N/A,HKG,Hong Kong,Indoor Line,Tsuen Wan,MTR,N/A,N/A,N/A,N/A,Air,N/A,,,,
HKMTR2003PK,CSD16-HON-HKMTR2003PK,N/A,N/A,N/A,N/A,China,N/A,HKG,Hong Kong,Indoor Line,Kwun Tong,MTR,N/A,N/A,N/A,N/A,Air,N/A,,,,
HKMTR2003NPK,CSD16-HON-HKMTR2003NPK,N/A,N/A,N/A,N/A,China,N/A,HKG,Hong Kong,Indoor Line,Kwun Tong,MTR,N/A,N/A,N/A,N/A,Air,N/A,,,,
HKMTR2004PK,CSD16-HON-HKMTR2004PK,N/A,N/A,N/A,N/A,China,N/A,HKG,Hong Kong,Outdoor Line,East Rail,MTR,N/A,N/A,N/A,N/A,Air,N/A,,,,
HKMTR2004NPK,CSD16-HON-HKMTR2004NPK,N/A,N/A,N/A,N/A,China,N/A,HKG,Hong Kong,Outdoor Line,East Rail,MTR,N/A,N/A,N/A,N/A,Air,N/A,,,,
HKMTR2005PK,CSD16-HON-HKMTR2005PK,N/A,N/A,N/A,N/A,China,N/A,HKG,Hong Kong,Outdoor Line,West Rail,MTR,N/A,N/A,N/A,N/A,Air,N/A,,,,
HKMTR2005NPK,CSD16-HON-HKMTR2005NPK,N/A,N/A,N/A,N/A,China,N/A,HKG,Hong Kong,Outdoor Line,West Rail,MTR,N/A,N/A,N/A,N/A,Air,N/A,,,,
HKMTR2006PK,CSD16-HON-HKMTR2006PK,N/A,N/A,N/A,N/A,China,N/A,HKG,Hong Kong,Indoor Line,Tseung Kwan O,MTR,N/A,N/A,N/A,N/A,Air,N/A,,,,
HKMTR2006NPK,CSD16-HON-HKMTR2006NPK,N/A,N/A,N/A,N/A,China,N/A,HKG,Hong Kong,Indoor Line,Tseung Kwan O,MTR,N/A,N/A,N/A,N/A,Air,N/A,,,,
HKMTR2007PK,CSD16-HON-HKMTR2007PK,N/A,N/A,N/A,N/A,China,N/A,HKG,Hong Kong,Outdoor Line,Ma On Shan,MTR,N/A,N/A,N/A,N/A,Air,N/A,,,,
HKMTR2007NPK,CSD16-HON-HKMTR2007NPK,N/A,N/A,N/A,N/A,China,N/A,HKG,Hong Kong,Outdoor Line,Ma On Shan,MTR,N/A,N/A,N/A,N/A,Air,N/A,,,,
HKMTR3001ID,CSD16-HON-HKMTR3001ID,N/A,N/A,N/A,N/A,China,N/A,HKG,Hong Kong,Indoor Line,Tsuen Wan,MTR,N/A,N/A,N/A,N/A,Air,N/A,,,,
HKMTR3001OD,CSD16-HON-HKMTR3001OD,N/A,N/A,N/A,N/A,China,N/A,HKG,Hong Kong,Outdoor Line,East Rail,MTR,N/A,N/A,N/A,N/A,Air,N/A,,,,
HKMTR3002ID,CSD16-HON-HKMTR3002ID,N/A,N/A,N/A,N/A,China,N/A,HKG,Hong Kong,Indoor Line,Tsuen Wan,MTR,N/A,N/A,N/A,N/A,Air,N/A,,,,
HKMTR3002OD,CSD16-HON-HKMTR3002OD,N/A,N/A,N/A,N/A,China,N/A,HKG,Hong Kong,Outdoor Line,East Rail,MTR,N/A,N/A,N/A,N/A,Air,N/A,,,,
HKMTR3003ID,CSD16-HON-HKMTR3003ID,N/A,N/A,N/A,N/A,China,N/A,HKG,Hong Kong,Indoor Line,Tsuen Wan,MTR,N/A,N/A,N/A,N/A,Air,N/A,,,,
HKMTR3003OD,CSD16-HON-HKMTR3003OD,N/A,N/A,N/A,N/A,China,N/A,HKG,Hong Kong,Outdoor Line,East Rail,MTR,N/A,N/A,N/A,N/A,Air,N/A,,,,
HKMTR3004ID,CSD16-HON-HKMTR3004ID,N/A,N/A,N/A,N/A,China,N/A,HKG,Hong Kong,Indoor Line,Tsuen Wan,MTR,N/A,N/A,N/A,N/A,Air,N/A,,,,
HKMTR3004OD,CSD16-HON-HKMTR3004OD,N/A,N/A,N/A,N/A,China,N/A,HKG,Hong Kong,Outdoor Line,East Rail,MTR,N/A,N/A,N/A,N/A,Air,N/A,,,,
HKMTR4001,CSD16-HON-HKMTR4001,N/A,N/A,N/A,N/A,China,N/A,HKG,Hong Kong,Outdoor,Island,OUTDOOR,N/A,N/A,N/A,N/A,Air,N/A,,,,
HKMTR4002,CSD16-HON-HKMTR4002,N/A,N/A,N/A,N/A,China,N/A,HKG,Hong Kong,Outdoor,Tsuen Wan,OUTDOOR,N/A,N/A,N/A,N/A,Air,N/A,,,,
HKMTR4003,CSD16-HON-HKMTR4003,N/A,N/A,N/A,N/A,China,N/A,HKG,Hong Kong,Outdoor,Kwun Tong,OUTDOOR,N/A,N/A,N/A,N/A,Air,N/A,,,,
HKMTR4004,CSD16-HON-HKMTR4004,N/A,N/A,N/A,N/A,China,N/A,HKG,Hong Kong,Outdoor,East Rail,OUTDOOR,N/A,N/A,N/A,N/A,Air,N/A,,,,
HKMTR4005,CSD16-HON-HKMTR4005,N/A,N/A,N/A,N/A,China,N/A,HKG,Hong Kong,Outdoor,West Rail,OUTDOOR,N/A,N/A,N/A,N/A,Air,N/A,,,,
HKMTR4006,CSD16-HON-HKMTR4006,N/A,N/A,N/A,N/A,China,N/A,HKG,Hong Kong,Outdoor,Tseung Kwan O,OUTDOOR,N/A,N/A,N/A,N/A,Air,N/A,,,,
HKMTR4007,CSD16-HON-HKMTR4007,N/A,N/A,N/A,N/A,China,N/A,HKG,Hong Kong,Outdoor,Ma On Shan,OUTDOOR,N/A,N/A,N/A,N/A,Air,N/A,,,,
1,CSD16-STO-1,N/A,N/A,3/15/16,N/A,Sweden,N/A,STO,Stockholm,N/A,t. centralen,N/A,N/A,N/A,N/A,middle handrail,N/A,N/A,,,,
2,CSD16-STO-2,N/A,N/A,3/15/16,N/A,Sweden,N/A,STO,Stockholm,N/A,t. centralen,N/A,N/A,N/A,N/A,elevator blue cross-left,N/A,N/A,,,,
3,CSD16-STO-3,N/A,N/A,3/15/16,N/A,Sweden,N/A,STO,Stockholm,N/A,t. centralen,N/A,N/A,N/A,N/A,turnstile,N/A,N/A,,,,
4,CSD16-STO-4,N/A,N/A,3/15/16,N/A,Sweden,N/A,STO,Stockholm,N/A,t. centralen,N/A,N/A,N/A,N/A,seat stock-c end,N/A,N/A,,,,
5,CSD16-STO-5,N/A,N/A,3/15/16,N/A,Sweden,N/A,STO,Stockholm,N/A,Train to fruagen,N/A,N/A,N/A,N/A,seat middle of carriage,N/A,N/A,,,,
6,CSD16-STO-6,N/A,N/A,3/15/16,N/A,Sweden,N/A,STO,Stockholm,N/A,Fruägen,N/A,N/A,N/A,N/A,Black bench outdoor station ,N/A,N/A,,,,
7,CSD16-STO-7,N/A,N/A,3/15/16,N/A,Sweden,N/A,STO,Stockholm,N/A,Fruägen,N/A,N/A,N/A,N/A,staircase handrail top,N/A,N/A,,,,
8,CSD16-STO-8,N/A,N/A,3/15/16,N/A,Sweden,N/A,STO,Stockholm,N/A,Fruägen,N/A,N/A,N/A,N/A,ticket machine screen,  ,N/A,,,,
9,CSD16-STO-9,N/A,N/A,3/15/16,N/A,Sweden,N/A,STO,Stockholm,N/A,slussen,N/A,N/A,N/A,N/A,right side of bench on morby centrum side,next to trash,N/A,,,,
10,CSD16-STO-10,N/A,N/A,3/15/16,N/A,Sweden,N/A,STO,Stockholm,N/A,slussen,N/A,N/A,N/A,N/A,handrail,metal,N/A,,,,
11,CSD16-STO-11,N/A,N/A,3/15/16,N/A,Sweden,N/A,STO,Stockholm,N/A,slussen,N/A,N/A,N/A,N/A,turnstile neer stad museet side,4th from ticketor,N/A,,,,
12,CSD16-STO-12,N/A,N/A,3/15/16,N/A,Sweden,N/A,STO,Stockholm,N/A,Train to Morby Centrum,N/A,N/A,N/A,N/A,handrail in middle carriage,N/A,N/A,,,,
13,CSD16-STO-13,N/A,N/A,3/15/16,N/A,Sweden,N/A,STO,Stockholm,N/A,Train to danderyd,N/A,N/A,N/A,N/A,N/A,N/A,N/A,,,,
14,CSD16-STO-14,N/A,N/A,3/15/16,N/A,Sweden,N/A,STO,Stockholm,N/A,danderyd,N/A,N/A,N/A,N/A,bench,wood,N/A,,,,
15,CSD16-STO-15,N/A,N/A,3/15/16,N/A,Sweden,N/A,STO,Stockholm,N/A,danderyd,N/A,N/A,N/A,N/A,handrail,N/A,N/A,,,,
16,CSD16-STO-16,N/A,N/A,3/15/16,N/A,Sweden,N/A,STO,Stockholm,N/A,danderyd,N/A,N/A,N/A,N/A,turnstile,N/A,N/A,,,,
17,CSD16-STO-17,N/A,N/A,3/15/16,N/A,Sweden,N/A,STO,Stockholm,N/A,N/A,N/A,N/A,N/A,N/A,N/A,N/A,N/A,,,,
18,CSD16-STO-18,N/A,N/A,3/16/16,N/A,Sweden,N/A,STO,Stockholm,N/A,Brommaplan,N/A,N/A,"59.338165, 17.941110",N/A,trash bin,metal,N/A,,,,
19,CSD16-STO-19,N/A,N/A,3/16/16,N/A,Sweden,N/A,STO,Stockholm,N/A,Brommaplan,N/A,N/A,"59.338179, 17.940820",N/A,bench,wood,N/A,,,,
20,CSD16-STO-20,N/A,N/A,3/16/16,N/A,Sweden,N/A,STO,Stockholm,N/A,Brommaplan,N/A,N/A,"59.338234, 17.940015",N/A,escalator handle,rubber,N/A,,,,
21,CSD16-STO-21,N/A,N/A,3/16/16,N/A,Sweden,N/A,STO,Stockholm,N/A,Brommaplan,N/A,N/A,"59.338304, 17.939667",N/A,rail network map,plastic,N/A,,,,
22,CSD16-STO-22,N/A,N/A,3/15/16,N/A,Sweden,N/A,STO,Stockholm,N/A,Västra Skogen,N/A,N/A,N/A,N/A,turnstile,N/A,N/A,,,,
23,n/a,N/A,N/A,3/15/16,N/A,Sweden,N/A,STO,Stockholm,N/A,Västra Skogen,N/A,N/A,N/A,N/A,rubber handrail,N/A,N/A,,,,
24,CSD16-STO-24,N/A,N/A,3/15/16,N/A,Sweden,N/A,STO,Stockholm,N/A,Västra Skogen,N/A,N/A,N/A,N/A,steal handrail,N/A,N/A,,,,
25,CSD16-STO-25,N/A,N/A,3/17/16,N/A,Sweden,N/A,STO,Stockholm,N/A,Aspudden to Norsborg,N/A,N/A,N/A,N/A,handrail ,metal,N/A,,,,
26,CSD16-STO-26,N/A,N/A,3/17/16,N/A,Sweden,N/A,STO,Stockholm,N/A,Fittja,N/A,N/A,N/A,N/A,bench-wood,wood,N/A,,,,
27,CSD16-STO-27,N/A,N/A,3/17/16,N/A,Sweden,N/A,STO,Stockholm,N/A,Fittja,N/A,N/A,N/A,N/A,"handrail, ecalator",rubber,N/A,,,,
28,CSD16-STO-28,N/A,N/A,3/17/16,N/A,Sweden,N/A,STO,Stockholm,N/A,Fittja,N/A,N/A,N/A,N/A,"turnstile, ticket place",plastic,N/A,,,,
29,CSD16-STO-29,N/A,N/A,3/17/16,N/A,Sweden,N/A,STO,Stockholm,N/A,Fittja,N/A,N/A,N/A,N/A,"screen, ticket machine",glass,N/A,,,,
30,CSD16-STO-30,N/A,N/A,3/15/16,N/A,Sweden,N/A,STO,Stockholm,N/A,train to hagsätra,N/A,N/A,N/A,N/A,handrail,N/A,N/A,,,,
31,CSD16-STO-31,N/A,N/A,3/15/16,N/A,Sweden,N/A,STO,Stockholm,N/A,Globen,N/A,N/A,N/A,N/A,ticket machine screen,N/A,N/A,,,,
32,CSD16-STO-32,N/A,N/A,3/15/16,N/A,Sweden,N/A,STO,Stockholm,N/A,Globen,N/A,N/A,N/A,N/A,bench,wood,N/A,,,,
33,CSD16-STO-33,N/A,N/A,3/15/16,N/A,Sweden,N/A,STO,Stockholm,N/A,Globen,N/A,N/A,N/A,N/A,handrail,rubber,N/A,,,,
34,CSD16-STO-34,N/A,N/A,3/15/16,N/A,Sweden,N/A,STO,Stockholm,N/A,Globen,N/A,N/A,N/A,N/A,handrail ,metal,N/A,,,,
sp,CSD16-STO-sp,N/A,N/A,3/15/16,N/A,Sweden,N/A,STO,Stockholm,N/A,lila friberg,N/A,N/A,N/A,N/A,microphone,N/A,N/A,,,,
35,CSD16-STO-35,N/A,N/A,3/16/16,N/A,Sweden,N/A,STO,Stockholm,N/A,?,N/A,N/A,N/A,N/A,bench,N/A,N/A,,,,
36,CSD16-STO-36,N/A,N/A,3/16/16,N/A,Sweden,N/A,STO,Stockholm,N/A,LHS ?,N/A,N/A,N/A,N/A,escalator handrail,rubber,N/A,,,,
37,CSD16-STO-37,N/A,N/A,3/16/16,N/A,Sweden,N/A,STO,Stockholm,N/A,?,N/A,N/A,N/A,N/A,metal handrail,N/A,N/A,,,,
38,CSD16-STO-38,N/A,N/A,3/16/16,N/A,Sweden,N/A,STO,Stockholm,N/A,?,N/A,N/A,N/A,N/A,turnstile,N/A,N/A,,,,
39,CSD16-STO-39,N/A,N/A,3/16/16,N/A,Sweden,N/A,STO,Stockholm,N/A,?,N/A,N/A,N/A,N/A,seat red line ,Fabric,N/A,,,,
40,CSD16-STO-40,N/A,N/A,3/17/16,N/A,Sweden,N/A,STO,Stockholm,N/A,N/A,N/A,N/A,N/A,N/A,garbage can,N/A,N/A,,,,
41,CSD16-STO-41,N/A,N/A,3/17/16,N/A,Sweden,N/A,STO,Stockholm,N/A,t. centralen,N/A,N/A,N/A,N/A,map,N/A,N/A,,,,
42,CSD16-STO-42,N/A,N/A,3/17/16,N/A,Sweden,N/A,STO,Stockholm,N/A,t. centralen,N/A,N/A,N/A,N/A,rail,N/A,N/A,,,,
43,CSD16-STO-43,N/A,N/A,3/17/16,N/A,Sweden,N/A,STO,Stockholm,N/A,t. centralen,N/A,N/A,N/A,N/A,turnstile,metal/vasag,N/A,,,,
44,CSD16-STO-44,N/A,N/A,3/17/16,N/A,Sweden,N/A,STO,Stockholm,N/A,t. centralen,N/A,N/A,N/A,N/A,escalator handle,rubber,N/A,,,,
45,CSD16-STO-45,N/A,N/A,3/17/16,N/A,Sweden,N/A,STO,Stockholm,N/A,t. centralen,N/A,N/A,N/A,N/A,map,N/A,N/A,,,,
46,CSD16-STO-46,N/A,N/A,3/17/16,N/A,Sweden,N/A,STO,Stockholm,N/A,Fittja,N/A,N/A,N/A,N/A,handrail,metal ,N/A,,,,
47,CSD16-STO-47,N/A,N/A,3/17/16,N/A,Sweden,N/A,STO,Stockholm,N/A,train to Ropsten,N/A,N/A,N/A,N/A,seat,fabric,N/A,,,,
48,CSD16-STO-48,N/A,N/A,3/17/16,N/A,Sweden,N/A,STO,Stockholm,N/A,N/A,N/A,N/A,N/A,N/A,N/A,N/A,N/A,,,,
49,CSD16-STO-49,N/A,N/A,3/17/16,N/A,Sweden,N/A,STO,Stockholm,N/A,N/A,N/A,N/A,N/A,N/A,N/A,N/A,N/A,,,,
50,CSD16-STO-50,N/A,N/A,3/17/16,N/A,Sweden,N/A,STO,Stockholm,N/A,N/A,N/A,N/A,N/A,N/A,N/A,N/A,N/A,,,,
pr,CSD16-STO-pr,N/A,N/A,N/A,N/A,Sweden,N/A,STO,Stockholm,N/A,N/A,N/A,N/A,N/A,N/A,N/A,N/A,N/A,,,,
P34,CSD16-STO-P34,N/A,N/A,3/16/16,N/A,Sweden,N/A,STO,Stockholm,N/A,N/A,N/A,N/A,N/A,N/A,window sill,metal,N/A,,,,
MS001,CSD16-SHA-MS001,N/A,N/A,6/16/15,Ding Bao,China,N/A,SHA,Shanghai,N/A,Xinjiangwancheng Station,Line 10,N/A,N/A,N/A,Ticket machine,Glass,N/A,,,,
MS002,CSD16-SHA-MS002,N/A,N/A,6/16/15,Wanwan Hou,China,N/A,SHA,Shanghai,N/A,Xinjiangwancheng Station,Line 10,N/A,N/A,N/A,Ticket entrance,Metal,N/A,,,,
MS003,CSD16-SHA-MS003,N/A,N/A,6/16/15,Ding Bao,China,N/A,SHA,Shanghai,N/A,Cabinet,Line 10,N/A,N/A,N/A,handle,Plastic,N/A,,,,
MS004,CSD16-SHA-MS004,N/A,N/A,6/16/15,Wanwan Hou,China,N/A,SHA,Shanghai,N/A,Cabinet,Line 10,N/A,N/A,N/A,Handle,Metal,N/A,,,,
MS005,CSD16-SHA-MS005,N/A,N/A,6/16/15,Wanwan Hou,China,N/A,SHA,Shanghai,N/A,East Nanjing Road Station,Line 10/2,N/A,N/A,N/A,Handle,Elevator,N/A,,,,
MS006,CSD16-SHA-MS006,N/A,N/A,6/16/15,Ding Bao,China,N/A,SHA,Shanghai,N/A,East Nanjing Road Station,Line 10/2,N/A,N/A,N/A,Ticket machine,Glass,N/A,,,,
MS007,CSD16-SHA-MS007,N/A,N/A,6/16/15,Wanwan Hou,China,N/A,SHA,Shanghai,N/A,East Nanjing Road Station,Line 10/2,N/A,N/A,N/A,Ticket entrance,Metal,N/A,,,,
MS008,CSD16-SHA-MS008,N/A,N/A,6/16/15,Wanwan Hou,China,N/A,SHA,Shanghai,N/A,Cabinet,Line 2,N/A,N/A,N/A,Seat (in front of the car),Plastic     ,N/A,,,,
MS009,CSD16-SHA-MS009,N/A,N/A,6/16/15,Ding Bao,China,N/A,SHA,Shanghai,N/A,Longyang Road Station ,Line 2,N/A,N/A,N/A,Ticket vending machine,Glass,N/A,,,,
MS010,CSD16-SHA-MS010,N/A,N/A,6/16/15,Wanwan Hou,China,N/A,SHA,Shanghai,N/A,Longyang Road Station ,Line 2,N/A,N/A,N/A,Entance,Plastic,N/A,,,,
Gangnam 1-1,CSD16-SEO-Gangnam 1-1,N/A,N/A,2/4/16,N/A,South Korea,N/A,SEO,Seoul,N/A,Gangnam/2,N/A,N/A,N/A,N/A,Buttons of a vending machine,N/A,0,,,,
Gangnam 1-2,CSD16-SEO-Gangnam 1-2,N/A,N/A,2/4/16,N/A,South Korea,N/A,SEO,Seoul,N/A,Gangnam/2,N/A,N/A,N/A,N/A,Benches,N/A,0,,,,
Gangnam 1-3,CSD16-SEO-Gangnam 1-3,N/A,N/A,2/4/16,N/A,South Korea,N/A,SEO,Seoul,N/A,Gangnam/2,N/A,N/A,N/A,N/A,Handrails of escalators,N/A,0,,,,
Gangnam 2-1,CSD16-SEO-Gangnam 2-1,N/A,N/A,2/4/16,N/A,South Korea,N/A,SEO,Seoul,N/A,Gangnam/Sinbundang,N/A,N/A,N/A,N/A,Buttons of a vending machine,N/A,0,,,,
Gangnam 2-2,CSD16-SEO-Gangnam 2-2,N/A,N/A,2/4/16,N/A,South Korea,N/A,SEO,Seoul,N/A,Gangnam/Sinbundang,N/A,N/A,N/A,N/A,Benches,N/A,0,,,,
Gangnam 2-3,CSD16-SEO-Gangnam 2-3,N/A,N/A,2/4/16,N/A,South Korea,N/A,SEO,Seoul,N/A,Gangnam/Sinbundang,N/A,N/A,N/A,N/A,Handrails of escalators,N/A,0,,,,
Dorimcheon 1,CSD16-SEO-Dorimcheon 1,N/A,N/A,2/4/16,N/A,South Korea,N/A,SEO,Seoul,N/A,Dorimcheon/2,N/A,N/A,N/A,N/A,Stair handle,N/A,0,,,,
Dorimcheon 2,CSD16-SEO-Dorimcheon 2,N/A,N/A,2/4/16,N/A,South Korea,N/A,SEO,Seoul,N/A,Dorimcheon/2,N/A,N/A,N/A,N/A,Benches,N/A,0,,,,
Dorimcheon 3,CSD16-SEO-Dorimcheon 3,N/A,N/A,2/4/16,N/A,South Korea,N/A,SEO,Seoul,N/A,Dorimcheon/2,N/A,N/A,N/A,N/A,Benches,N/A,0,,,,
Nataepyeng 1,CSD16-SEO-Nataepyeng 1,N/A,N/A,2/4/16,N/A,South Korea,N/A,SEO,Seoul,N/A,Nataepyeng/4,N/A,N/A,N/A,N/A,Stair handle,N/A,0,,,,
Nataepyeng 2,CSD16-SEO-Nataepyeng 2,N/A,N/A,N/A,N/A,South Korea,N/A,SEO,Seoul,N/A,Nataepyeng/4,N/A,N/A,N/A,N/A,Benches,N/A,0,,,,
Nataepyeng 3,CSD16-SEO-Nataepyeng 3,N/A,N/A,N/A,N/A,South Korea,N/A,SEO,Seoul,N/A,Nataepyeng/4,N/A,N/A,N/A,N/A,Benches,N/A,0,,,,
Libson_A01,CSD16-LIS-Libson_A01,N/A,N/A,N/A,N/A,Portugal,N/A,LIS,Lisbon,N/A,N/A,N/A,N/A,N/A,N/A,Vertical Support Post,Metal,N/A,,,,
Libson_A02,CSD16-LIS-Libson_A02,N/A,N/A,N/A,N/A,Portugal,N/A,LIS,Lisbon,N/A,N/A,N/A,N/A,N/A,N/A,Turnstile,Glass and rubber,N/A,,,,
Libson_A03,CSD16-LIS-Libson_A03,N/A,N/A,N/A,N/A,Portugal,N/A,LIS,Lisbon,N/A,N/A,N/A,N/A,N/A,N/A,Elevator,Metal and glass,N/A,,,,
Libson_A29,CSD16-LIS-Libson_A29,N/A,N/A,N/A,N/A,Portugal,N/A,LIS,Lisbon,N/A,N/A,N/A,N/A,N/A,N/A,Garbage can,Metal,N/A,,,,
Libson_A49,CSD16-LIS-Libson_A49,N/A,N/A,N/A,N/A,Portugal,N/A,LIS,Lisbon,N/A,N/A,N/A,N/A,N/A,N/A,Air conditioner,Metal,N/A,,,,
Libson_A50,CSD16-LIS-Libson_A50,N/A,N/A,N/A,N/A,Portugal,N/A,LIS,Lisbon,N/A,N/A,N/A,N/A,N/A,N/A,Turnstile,Glass and rubber,N/A,,,,
Libson_A51,CSD16-LIS-Libson_A51,N/A,N/A,N/A,N/A,Portugal,N/A,LIS,Lisbon,N/A,N/A,N/A,N/A,N/A,N/A,Elevator,Metal and Glass,N/A,,,,
Libson_B01,CSD16-LIS-Libson_B01,N/A,N/A,N/A,N/A,Portugal,N/A,LIS,Lisbon,N/A,N/A,N/A,N/A,N/A,N/A,Vertical Support Post,Metal,N/A,,,,
Libson_B02,CSD16-LIS-Libson_B02,N/A,N/A,N/A,N/A,Portugal,N/A,LIS,Lisbon,N/A,N/A,N/A,N/A,N/A,N/A,Turnstile,Glass and rubber,N/A,,,,
Libson_B03,CSD16-LIS-Libson_B03,N/A,N/A,N/A,N/A,Portugal,N/A,LIS,Lisbon,N/A,N/A,N/A,N/A,N/A,N/A,Elevator,Metal and glass,N/A,,,,
Libson_B11,CSD16-LIS-Libson_B11,N/A,N/A,N/A,N/A,Portugal,N/A,LIS,Lisbon,N/A,N/A,N/A,N/A,N/A,N/A,Ticket Validation,Plastic,N/A,,,,
Libson_B28,CSD16-LIS-Libson_B28,N/A,N/A,N/A,N/A,Portugal,N/A,LIS,Lisbon,N/A,N/A,N/A,N/A,N/A,N/A,Seat,Velvet and plastic,N/A,,,,
Libson_B29,CSD16-LIS-Libson_B29,N/A,N/A,N/A,N/A,Portugal,N/A,LIS,Lisbon,N/A,N/A,N/A,N/A,N/A,N/A,Vertical Support Post,Metal,N/A,,,,
Libson_B30,CSD16-LIS-Libson_B30,N/A,N/A,N/A,N/A,Portugal,N/A,LIS,Lisbon,N/A,N/A,N/A,N/A,N/A,N/A,Air conditioner,Metal,N/A,,,,
Libson_C01,CSD16-LIS-Libson_C01,N/A,N/A,N/A,N/A,Portugal,N/A,LIS,Lisbon,N/A,N/A,N/A,N/A,N/A,N/A,Vertical Support Post,Metal,N/A,,,,
Libson_C02,CSD16-LIS-Libson_C02,N/A,N/A,N/A,N/A,Portugal,N/A,LIS,Lisbon,N/A,N/A,N/A,N/A,N/A,N/A,Turnstile,Glass and rubber,N/A,,,,
Libson_C03,CSD16-LIS-Libson_C03,N/A,N/A,N/A,N/A,Portugal,N/A,LIS,Lisbon,N/A,N/A,N/A,N/A,N/A,N/A,Elevator,Metal and glass,N/A,,,,
Libson_C15,CSD16-LIS-Libson_C15,N/A,N/A,N/A,N/A,Portugal,N/A,LIS,Lisbon,N/A,N/A,N/A,N/A,N/A,N/A,Info button,Metal and plastic,N/A,,,,
Libson_C32,CSD16-LIS-Libson_C32,N/A,N/A,N/A,N/A,Portugal,N/A,LIS,Lisbon,N/A,N/A,N/A,N/A,N/A,N/A,Bench Support,Metal,N/A,,,,
Libson_C34,CSD16-LIS-Libson_C34,N/A,N/A,N/A,N/A,Portugal,N/A,LIS,Lisbon,N/A,N/A,N/A,N/A,N/A,N/A,Elevator,Metal and Glass,N/A,,,,
Libson_C35,CSD16-LIS-Libson_C35,N/A,N/A,N/A,N/A,Portugal,N/A,LIS,Lisbon,N/A,N/A,N/A,N/A,N/A,N/A,Escalator,Rubber ,N/A,,,,
Libson_D01,CSD16-LIS-Libson_D01,N/A,N/A,N/A,N/A,Portugal,N/A,LIS,Lisbon,N/A,N/A,N/A,N/A,N/A,N/A,Bench Support,Metal,N/A,,,,
Libson_D02,CSD16-LIS-Libson_D02,N/A,N/A,N/A,N/A,Portugal,N/A,LIS,Lisbon,N/A,N/A,N/A,N/A,N/A,N/A,Turnstile,Glass and rubber,N/A,,,,
Libson_D03,CSD16-LIS-Libson_D03,N/A,N/A,N/A,N/A,Portugal,N/A,LIS,Lisbon,N/A,N/A,N/A,N/A,N/A,N/A,Elevator,Metal and glass,N/A,,,,
Libson_D17,CSD16-LIS-Libson_D17,N/A,N/A,N/A,N/A,Portugal,N/A,LIS,Lisbon,N/A,N/A,N/A,N/A,N/A,N/A,Vending Machine ,Acrylic and plastic ,N/A,,,,
Libson_D34,CSD16-LIS-Libson_D34,N/A,N/A,N/A,N/A,Portugal,N/A,LIS,Lisbon,N/A,N/A,N/A,N/A,N/A,N/A,Bench Support,Metal,N/A,,,,
Libson_D35,CSD16-LIS-Libson_D35,N/A,N/A,N/A,N/A,Portugal,N/A,LIS,Lisbon,N/A,N/A,N/A,N/A,N/A,N/A,Elevator,Metal and Glass,N/A,,,,
Libson_D36,CSD16-LIS-Libson_D36,N/A,N/A,N/A,N/A,Portugal,N/A,LIS,Lisbon,N/A,N/A,N/A,N/A,N/A,N/A,Escalator ,Rubber ,N/A,,,,
1A,CSD16-SAC-1A,N/A,N/A,N/A,N/A,USA,California,SAC,Sacramento,N/A,St. Rose of Lima Park,"Go, B, Gr",N/A,N/A,N/A,Bench,Grey painted metal,19.44,,,,
1B,CSD16-SAC-1B,N/A,N/A,N/A,N/A,USA,California,SAC,Sacramento,N/A,St. Rose of Lima Park,"Go, B, Gr",N/A,N/A,N/A,Ticket Machine,Metal and plastic,19.44,,,,
1C,CSD16-SAC-1C,N/A,N/A,N/A,N/A,USA,California,SAC,Sacramento,N/A,St. Rose of Lima Park,"Go, B, Gr",N/A,N/A,N/A,Plateform railing ,Grey painted metal ,18.89,,,,
2A,CSD16-SAC-2A,N/A,N/A,N/A,N/A,USA,California,SAC,Sacramento,N/A,9th & K,"Go, B, Gr",N/A,N/A,N/A,Bench,Black painted metal,18.89,,,,
2B,CSD16-SAC-2B,N/A,N/A,N/A,N/A,USA,California,SAC,Sacramento,N/A,9th & K,"Go, B, Gr",N/A,N/A,N/A,Ticket Machine,Metal and plastic,18.89,,,,
2C,CSD16-SAC-2C,N/A,N/A,N/A,N/A,USA,California,SAC,Sacramento,N/A,9th & K,"Go, B, Gr",N/A,N/A,N/A,Plateform railing ,Black painted metal ,18.89,,,,
3A,CSD16-SAC-3A,N/A,N/A,N/A,N/A,USA,California,SAC,Sacramento,N/A,8th & O (west),"Go, B, Gr",N/A,N/A,N/A,Bench,Black painted metal,18.89,,,,
3B,CSD16-SAC-3B,N/A,N/A,N/A,N/A,USA,California,SAC,Sacramento,N/A,8th & O (west),"Go, B, Gr",N/A,N/A,N/A,Ticket Machine,Metal and plastic,18.89,,,,
3C,CSD16-SAC-3C,N/A,N/A,N/A,N/A,USA,California,SAC,Sacramento,N/A,8th & O (west),"Go, B, Gr",N/A,N/A,N/A,Plateform railing ,Black painted metal ,18.89,,,,
4A,CSD16-SAC-4A,N/A,N/A,N/A,N/A,USA,California,SAC,Sacramento,N/A,8th & O (east),"Go, B, Gr",N/A,N/A,N/A,Bench,Black painted metal,20.00,,,,
4B,CSD16-SAC-4B,N/A,N/A,N/A,N/A,USA,California,SAC,Sacramento,N/A,8th & O (east),"Go, B, Gr",N/A,N/A,N/A,Ticket Machine,Metal and plastic,20.00,,,,
4C,CSD16-SAC-4C,N/A,N/A,N/A,N/A,USA,California,SAC,Sacramento,N/A,8th & O (east),"Go, B, Gr",N/A,N/A,N/A,Plateform railing ,Black painted metal ,20.00,,,,
5A,CSD16-SAC-5A,N/A,N/A,N/A,N/A,USA,California,SAC,Sacramento,N/A,Archives Plaza (west),"Go, B, Gr",N/A,N/A,N/A,Bench,Smooth granite,17.78,,,,
5B,CSD16-SAC-5B,N/A,N/A,N/A,N/A,USA,California,SAC,Sacramento,N/A,Archives Plaza (west),"Go, B, Gr",N/A,N/A,N/A,Ticket Machine,Metal and plastic,17.78,,,,
5C,CSD16-SAC-5C,N/A,N/A,N/A,N/A,USA,California,SAC,Sacramento,N/A,Archives Plaza (west),"Go, B, Gr",N/A,N/A,N/A,Plateform railing ,Black painted metal ,17.78,,,,
6A,CSD16-SAC-6A,N/A,N/A,N/A,N/A,USA,California,SAC,Sacramento,N/A,8th & Capitol,"Go, B, Gr",N/A,N/A,N/A,Bench,Black painted metal,17.78,,,,
6B,CSD16-SAC-6B,N/A,N/A,N/A,N/A,USA,California,SAC,Sacramento,N/A,8th & Capitol,"Go, B, Gr",N/A,N/A,N/A,Ticket Machine,Metal and plastic,17.78,,,,
6C,CSD16-SAC-6C,N/A,N/A,N/A,N/A,USA,California,SAC,Sacramento,N/A,8th & Capitol,"Go, B, Gr",N/A,N/A,N/A,Plateform railing ,Blue painted metal ,17.78,,,,
FFI160316-S1,CSD16-OSL-FFI160316-S1,N/A,N/A,16/03/16,Ellingsrudåsen,Norway,N/A,OSL,Oslo,Subway,N/A,2,N/A,59.93651,10.91664,Kiosk,Glass/plastic/metal,N/A,,,,
FFI160316-S2,CSD16-OSL-FFI160316-S2,N/A,N/A,16/03/16,Ellingsrudåsen,Norway,N/A,OSL,Oslo,Subway,N/A,2,N/A,59.93651,10.91664,Railing,Metal,N/A,,,,
FFI160316-S3,CSD16-OSL-FFI160316-S3,N/A,N/A,16/03/16,Ellingsrudåsen,Norway,N/A,OSL,Oslo,Subway,N/A,2,N/A,59.93651,10.91664,Bench,Painted metal,N/A,,,,
FFI160316-S4,CSD16-OSL-FFI160316-S4,N/A,N/A,16/03/16,Helsfyr,Norway,N/A,OSL,Oslo,Subway,N/A,1,N/A,59.91259,10.80139,Kiosk,Glass/plastic/metal,N/A,,,,
FFI160316-S5,CSD16-OSL-FFI160316-S5,N/A,N/A,16/03/16,Helsfyr,Norway,N/A,OSL,Oslo,Subway,N/A,1,N/A,59.91259,10.80139,Railing,Metal,N/A,,,,
FFI160316-S6,CSD16-OSL-FFI160316-S6,N/A,N/A,16/03/16,Helsfyr,Norway,N/A,OSL,Oslo,Subway,N/A,1,N/A,59.91259,10.80139,Bench,Painted metal,N/A,,,,
FFI160316-S7,CSD16-OSL-FFI160316-S7,N/A,N/A,16/03/16,Grønland,Norway,N/A,OSL,Oslo,Subway,N/A,1,N/A,59.91278,10.76009,Kiosk,Glass/plastic/metal,N/A,,,,
FFI160316-S8,CSD16-OSL-FFI160316-S8,N/A,N/A,16/03/16,Grønland,Norway,N/A,OSL,Oslo,Subway,N/A,1,N/A,59.91278,10.76009,Railing,Metal,N/A,,,,
FFI160316-S9,CSD16-OSL-FFI160316-S9,N/A,N/A,16/03/16,Grønland,Norway,N/A,OSL,Oslo,Subway,N/A,1,N/A,59.91278,10.76009,Bench,Painted metal,N/A,,,,
FFI160316-S10,CSD16-OSL-FFI160316-S10,N/A,N/A,16/03/16,Jernbanetorget,Norway,N/A,OSL,Oslo,Subway,N/A,1,N/A,59.91226,10.75027,Kiosk,Glass/plastic/metal,N/A,,,,
FFI160316-S11,CSD16-OSL-FFI160316-S11,N/A,N/A,16/03/16,Jernbanetorget,Norway,N/A,OSL,Oslo,Subway,N/A,1,N/A,59.91226,10.75027,Railing,rubber,N/A,,,,
FFI160316-S12,CSD16-OSL-FFI160316-S12,N/A,N/A,16/03/16,Jernbanetorget,Norway,N/A,OSL,Oslo,Subway,N/A,1,N/A,59.91226,10.75027,Bench,wood,N/A,,,,
FFI160316-S13,CSD16-OSL-FFI160316-S13,N/A,N/A,16/03/16,Nationaltheateret,Norway,N/A,OSL,Oslo,Subway,N/A,1,N/A,59.91546,10.73209,Kiosk,Glass/plastic/metal,N/A,,,,
FFI160316-S14,CSD16-OSL-FFI160316-S14,N/A,N/A,16/03/16,Nationaltheateret,Norway,N/A,OSL,Oslo,Subway,N/A,1,N/A,59.91546,10.73209,Railing,Metal,N/A,,,,
FFI160316-S15,CSD16-OSL-FFI160316-S15,N/A,N/A,16/03/16,Nationaltheateret,Norway,N/A,OSL,Oslo,Subway,N/A,1,N/A,59.91546,10.73209,Bench,wood,N/A,,,,
FFI160316-S16,CSD16-OSL-FFI160316-S16,N/A,N/A,16/03/16,Majorstua,Norway,N/A,OSL,Oslo,Subway,N/A,1,N/A,59.93016,10.71473,Kiosk,Glass/plastic/metal,N/A,,,,
FFI160316-S17,CSD16-OSL-FFI160316-S17,N/A,N/A,16/03/16,Majorstua,Norway,N/A,OSL,Oslo,Subway,N/A,1,N/A,59.93016,10.71473,Railing,Metal,N/A,,,,
FFI160316-S18,CSD16-OSL-FFI160316-S18,N/A,N/A,16/03/16,Majorstua,Norway,N/A,OSL,Oslo,Subway,N/A,1,N/A,59.93016,10.71473,Bench,wood,N/A,,,,
FFI160316-S19,CSD16-OSL-FFI160316-S19,N/A,N/A,16/03/16,Forskningsparken,Norway,N/A,OSL,Oslo,Subway,N/A,4,N/A,59.97906,10.67620,Kiosk,Glass/plastic/metal,N/A,,,,
FFI160316-S20,CSD16-OSL-FFI160316-S20,N/A,N/A,16/03/16,Forskningsparken,Norway,N/A,OSL,Oslo,Subway,N/A,4,N/A,59.97906,10.67620,Railing,Metal,N/A,,,,
FFI160316-S21,CSD16-OSL-FFI160316-S21,N/A,N/A,16/03/16,Forskningsparken,Norway,N/A,OSL,Oslo,Subway,N/A,4,N/A,59.97906,10.67620,Bench,wood,N/A,,,,
FFI160316-S22,CSD16-OSL-FFI160316-S22,N/A,N/A,16/03/16,Nydalen,Norway,N/A,OSL,Oslo,Subway,N/A,4,N/A,59.94940,10.76592,Kiosk,Glass/plastic/metal,N/A,,,,
FFI160316-S23,CSD16-OSL-FFI160316-S23,N/A,N/A,16/03/16,Nydalen,Norway,N/A,OSL,Oslo,Subway,N/A,4,N/A,59.94940,10.76592,Railing,Rubber,N/A,,,,
FFI160316-S24,CSD16-OSL-FFI160316-S24,N/A,N/A,16/03/16,Nydalen,Norway,N/A,OSL,Oslo,Subway,N/A,4,N/A,59.94940,10.76592,Bench,metal,N/A,,,,
FFI160316-S25,CSD16-OSL-FFI160316-S25,N/A,N/A,16/03/16,Carl Berner,Norway,N/A,OSL,Oslo,Subway,N/A,5,N/A,59.92566,10.77959,Bench,wood,N/A,,,,
FFI160316-S26,CSD16-OSL-FFI160316-S26,N/A,N/A,16/03/16,Carl Berner,Norway,N/A,OSL,Oslo,Subway,N/A,5,N/A,59.92566,10.77959,Kiosk,Glass/plastic/metal,N/A,,,,
FFI160316-S27,CSD16-OSL-FFI160316-S27,N/A,N/A,16/03/16,Carl Berner,Norway,N/A,OSL,Oslo,Subway,N/A,5,N/A,59.92566,10.77959,Railing,Metal,N/A,,,,
FFI160316-S28,CSD16-OSL-FFI160316-S28,N/A,N/A,16/03/16,Kalbakken,Norway,N/A,OSL,Oslo,Subway,N/A,4,N/A,59.95477,10.86686,Bench,wood,N/A,,,,
FFI160316-S29,CSD16-OSL-FFI160316-S29,N/A,N/A,16/03/16,Kalbakken,Norway,N/A,OSL,Oslo,Subway,N/A,4,N/A,59.95477,10.86686,Railing,Metal,N/A,,,,
FFI160316-S30,CSD16-OSL-FFI160316-S30,N/A,N/A,16/03/16,Kalbakken,Norway,N/A,OSL,Oslo,Subway,N/A,4,N/A,59.95477,10.86686,Kiosk,Glass/plastic/metal,N/A,,,,
FFI160316-S31,CSD16-OSL-FFI160316-S31,N/A,N/A,16/03/16,Vestli,Norway,N/A,OSL,Oslo,Subway,N/A,4,N/A,59.97204,10.92944,Kiosk,Glass/plastic/metal,N/A,,,,
FFI160316-S32,CSD16-OSL-FFI160316-S32,N/A,N/A,16/03/16,Vestli,Norway,N/A,OSL,Oslo,Subway,N/A,4,N/A,59.97204,10.92944,Railing,rubber,N/A,,,,
FFI160316-S33,CSD16-OSL-FFI160316-S33,N/A,N/A,16/03/16,Vestli,Norway,N/A,OSL,Oslo,Subway,N/A,4,N/A,59.97204,10.92944,Bench,Metal,N/A,,,,
FFI160316-AS1,CSD16-OSL-FFI160316-AS1,N/A,N/A,16/03/16,Ellingsrudåsen,Norway,N/A,OSL,Oslo,Subway,N/A,2,N/A,59.93651,10.91664,Air sample,Not Applicable,N/A,,,,
FFI160316-AS2,CSD16-OSL-FFI160316-AS2,N/A,N/A,16/03/16,Helsfyr,Norway,N/A,OSL,Oslo,Subway,N/A,1,N/A,59.91259,10.80139,Air sample,Not Applicable,N/A,,,,
FFI160316-AS3,CSD16-OSL-FFI160316-AS3,N/A,N/A,16/03/16,Jernbanetorget,Norway,N/A,OSL,Oslo,Subway,N/A,1,N/A,59.91226,10.75027,Air sample,Not Applicable,N/A,,,,
FFI160316-AS4,CSD16-OSL-FFI160316-AS4,N/A,N/A,16/03/16,Majorstua,Norway,N/A,OSL,Oslo,Subway,N/A,1,N/A,59.93016,10.71473,Air sample,Not Applicable,N/A,,,,
FFI160316-AS5,CSD16-OSL-FFI160316-AS5,N/A,N/A,16/03/16,Nydalen,Norway,N/A,OSL,Oslo,Subway,N/A,4,N/A,59.94940,10.76592,Air sample,Not Applicable,N/A,,,,
FFI160316-AS6,CSD16-OSL-FFI160316-AS6,N/A,N/A,16/03/16,Vestli,Norway,N/A,OSL,Oslo,Subway,N/A,4,N/A,59.97204,10.92944,Air sample,Not Applicable,N/A,,,,
FFI160316-AS7,CSD16-OSL-FFI160316-AS7,N/A,N/A,16/03/16,Carl Berner,Norway,N/A,OSL,Oslo,Subway,N/A,5,N/A,59.92566,10.77959,Air sample,Not Applicable,N/A,,,,
FFI160316-AS8,CSD16-OSL-FFI160316-AS8,N/A,N/A,16/03/16,Grønland,Norway,N/A,OSL,Oslo,Subway,N/A,1,N/A,59.91278,10.76009,Air sample,Not Applicable,N/A,,,,
FFI160316-AS9,CSD16-OSL-FFI160316-AS9,N/A,N/A,16/03/16,Nationaltheateret,Norway,N/A,OSL,Oslo,Subway,N/A,1,N/A,59.91546,10.73209,Air sample,Not Applicable,N/A,,,,
FFI160316-AS10,CSD16-OSL-FFI160316-AS10,N/A,N/A,16/03/16,Forskningsparken,Norway,N/A,OSL,Oslo,Subway,N/A,4,N/A,59.97906,10.67620,Air sample,Not Applicable,N/A,,,,
A01,CSD16-LIS-A01,N/A,N/A,06/01/16,AF and MO,Portugal,N/A,LIS,Lisbon,Inside Metro Carriage ,Amadora Este → Alfornelos ,N/A,N/A,N/A,N/A,Vertical Support Post,Metal,N/A,,,,
A02,CSD16-LIS-A02,N/A,N/A,06/01/16,AF and MO,Portugal,N/A,LIS,Lisbon,Underground Metro Station,Amadora Este,N/A,N/A,N/A,N/A,Turnstile,Glass and rubber,N/A,,,,
A03,CSD16-LIS-A03,N/A,N/A,06/01/16,AF and MO,Portugal,N/A,LIS,Lisbon,Underground Metro Station,Amadora Este,N/A,N/A,N/A,N/A,Elevator,Metal and glass,N/A,,,,
A04,CSD16-LIS-A04,N/A,N/A,06/01/16,AF and MO,Portugal,N/A,LIS,Lisbon,Inside Metro Carriage ,Alfornelos → Pontinha,N/A,N/A,N/A,N/A,Bench Support,Metal,N/A,,,,
A05,CSD16-LIS-A05,N/A,N/A,06/01/16,AF and MO,Portugal,N/A,LIS,Lisbon,Underground Metro Station,Alfornelos,N/A,N/A,N/A,N/A,Handrail,Metal,N/A,,,,
A06,CSD16-LIS-A06,N/A,N/A,06/01/16,AF and MO,Portugal,N/A,LIS,Lisbon,Underground Metro Station,Alfornelos,N/A,N/A,N/A,N/A,Escalator,Rubber,N/A,,,,
A07,CSD16-LIS-A07,N/A,N/A,06/01/16,AF and MO,Portugal,N/A,LIS,Lisbon,Inside Metro Carriage ,Pontinha → Carnide ,N/A,N/A,N/A,N/A,Window,Glass,N/A,,,,
A08,CSD16-LIS-A08,N/A,N/A,06/01/16,AF and MO,Portugal,N/A,LIS,Lisbon,Underground Metro Station,Pontinha,N/A,N/A,N/A,N/A,Ticket Kiosk ,Metal and plastic,N/A,,,,
A09,CSD16-LIS-A09,N/A,N/A,06/01/16,AF and MO,Portugal,N/A,LIS,Lisbon,Underground Metro Station,Pontinha ,N/A,N/A,N/A,N/A,Payphone,Metal and plastic,N/A,,,,
A10,CSD16-LIS-A10,N/A,N/A,06/01/16,AF and MO,Portugal,N/A,LIS,Lisbon,Inside Metro Carriage ,Carnide → Colégio Militar/Luz,N/A,N/A,N/A,N/A,Horizontal Support Post,Metal,N/A,,,,
A11,CSD16-LIS-A11,N/A,N/A,06/01/16,AF and MO,Portugal,N/A,LIS,Lisbon,Underground Metro Station,Carnide ,N/A,N/A,N/A,N/A,Ticket Validation,Plastic,N/A,,,,
A12,CSD16-LIS-A12,N/A,N/A,06/01/16,AF and MO,Portugal,N/A,LIS,Lisbon,Underground Metro Station,Carnide ,N/A,N/A,N/A,N/A,Bench,wood,N/A,,,,
A13,CSD16-LIS-A13,N/A,N/A,06/01/16,AF and MO,Portugal,N/A,LIS,Lisbon,Inside Metro Carriage ,Colégio Militar/Luz →Alto dos Moinhos ,N/A,N/A,N/A,N/A,Seat,Velvet and plastic,N/A,,,,
A14,CSD16-LIS-A14,N/A,N/A,06/01/16,AF and MO,Portugal,N/A,LIS,Lisbon,Underground Metro Station,Colégio Militar/Luz,N/A,N/A,N/A,N/A,Info Placard,Acrylic,N/A,,,,
A15,CSD16-LIS-A15,N/A,N/A,06/01/16,AF and MO,Portugal,N/A,LIS,Lisbon,Underground Metro Station,Colégio Militar/Luz,N/A,N/A,N/A,N/A,Garbage can,Metal,N/A,,,,
A16,CSD16-LIS-A16,N/A,N/A,06/01/16,AF and MO,Portugal,N/A,LIS,Lisbon,Inside Metro Carriage ,Alto dos Moinhos → Laranjeiras,N/A,N/A,N/A,N/A,Vertical Support Post,Metal,N/A,,,,
A17,CSD16-LIS-A17,N/A,N/A,06/01/16,AF and MO,Portugal,N/A,LIS,Lisbon,Underground Metro Station,Alto dos Moinhos,N/A,N/A,N/A,N/A,Info button,Metal and plastic,N/A,,,,
A18,CSD16-LIS-A18,N/A,N/A,06/01/16,AF and MO,Portugal,N/A,LIS,Lisbon,Underground Metro Station,Alto dos Moinhos,N/A,N/A,N/A,N/A,Turnstile,Glass and rubber,N/A,,,,
A19,CSD16-LIS-A19,N/A,N/A,06/01/16,AF and MO,Portugal,N/A,LIS,Lisbon,Inside Metro Carriage ,Laranjeiras → Jardim Zoológico,N/A,N/A,N/A,N/A,Bench Support,Metal,N/A,,,,
A20,CSD16-LIS-A20,N/A,N/A,06/01/16,AF and MO,Portugal,N/A,LIS,Lisbon,Underground Metro Station,Laranjeiras,N/A,N/A,N/A,N/A,Handrail,Metal,N/A,,,,
A21,CSD16-LIS-A21,N/A,N/A,06/01/16,AF and MO,Portugal,N/A,LIS,Lisbon,Underground Metro Station,Laranjeiras,N/A,N/A,N/A,N/A,Payphone,Metal and plastic,N/A,,,,
A22,CSD16-LIS-A22,N/A,N/A,06/01/16,AF and MO,Portugal,N/A,LIS,Lisbon,Inside Metro Carriage ,Jardim Zoológico → Praça de Espanha ,N/A,N/A,N/A,N/A,Window,Glass,N/A,,,,
A23,CSD16-LIS-A23,N/A,N/A,06/01/16,AF and MO,Portugal,N/A,LIS,Lisbon,Underground Metro Station,Jardim Zoológico,N/A,N/A,N/A,N/A,Ticket Kiosk ,Metal and plastic,N/A,,,,
A24,CSD16-LIS-A24,N/A,N/A,06/01/16,AF and MO,Portugal,N/A,LIS,Lisbon,Underground Metro Station,Jardim Zoológico,N/A,N/A,N/A,N/A,Bench,wood,N/A,,,,
A25,CSD16-LIS-A25,N/A,N/A,06/01/16,AF and MO,Portugal,N/A,LIS,Lisbon,Inside Metro Carriage ,Praça de Espanha → São Sebastião,N/A,N/A,N/A,N/A,Horizontal Support Post,Metal,N/A,,,,
A26,CSD16-LIS-A26,N/A,N/A,06/01/16,AF and MO,Portugal,N/A,LIS,Lisbon,Underground Metro Station,Praça de Espanha,N/A,N/A,N/A,N/A,Ticket Validation,Plastic,N/A,,,,
A27,CSD16-LIS-A27,N/A,N/A,06/01/16,AF and MO,Portugal,N/A,LIS,Lisbon,Underground Metro Station,Praça de Espanha,N/A,N/A,N/A,N/A,Info Placard,Acrylic,N/A,,,,
A28,CSD16-LIS-A28,N/A,N/A,06/01/16,AF and MO,Portugal,N/A,LIS,Lisbon,Inside Metro Carriage ,São Sebastião → Parque ,N/A,N/A,N/A,N/A,Seat,Velvet and plastic,N/A,,,,
A29,CSD16-LIS-A29,N/A,N/A,06/01/16,AF and MO,Portugal,N/A,LIS,Lisbon,Underground Metro Station,São Sebastião,N/A,N/A,N/A,N/A,Garbage can,Metal,N/A,,,,
A30,CSD16-LIS-A30,N/A,N/A,06/01/16,AF and MO,Portugal,N/A,LIS,Lisbon,Underground Metro Station,São Sebastião,N/A,N/A,N/A,N/A,Info button,Metal and plastic,N/A,,,,
A31,CSD16-LIS-A31,N/A,N/A,06/01/16,AF and MO,Portugal,N/A,LIS,Lisbon,Inside Metro Carriage ,Parque → Marquês de Pombal,N/A,N/A,N/A,N/A,Vertical Support Post,Metal,N/A,,,,
A32,CSD16-LIS-A32,N/A,N/A,06/01/16,AF and MO,Portugal,N/A,LIS,Lisbon,Underground Metro Station,Parque,N/A,N/A,N/A,N/A,Payphone,Metal and plastic,N/A,,,,
A33,CSD16-LIS-A33,N/A,N/A,06/01/16,AF and MO,Portugal,N/A,LIS,Lisbon,Underground Metro Station,Parque,N/A,N/A,N/A,N/A,Turnstile,Glass and rubber,N/A,,,,
A34,CSD16-LIS-A34,N/A,N/A,06/01/16,AF and MO,Portugal,N/A,LIS,Lisbon,Inside Metro Carriage ,Marquês do Pombal → Avenida,N/A,N/A,N/A,N/A,Horizontal Support Post,Metal,N/A,,,,
A35,CSD16-LIS-A35,N/A,N/A,06/01/16,AF and MO,Portugal,N/A,LIS,Lisbon,Underground Metro Station,Marquês do Pombal,N/A,N/A,N/A,N/A,Handrail,Metal,N/A,,,,
A36,CSD16-LIS-A36,N/A,N/A,06/01/16,AF and MO,Portugal,N/A,LIS,Lisbon,Underground Metro Station,Marquês do Pombal,N/A,N/A,N/A,N/A,Vending machine,Acrylic and Plastic ,N/A,,,,
A37,CSD16-LIS-A37,N/A,N/A,06/01/16,AF and MO,Portugal,N/A,LIS,Lisbon,Inside Metro Carriage ,Avenida → Restauradores ,N/A,N/A,N/A,N/A,Window,Glass,N/A,,,,
A38,CSD16-LIS-A38,N/A,N/A,06/01/16,AF and MO,Portugal,N/A,LIS,Lisbon,Underground Metro Station,Avenida,N/A,N/A,N/A,N/A,Escalator,Rubber,N/A,,,,
A39,CSD16-LIS-A39,N/A,N/A,06/01/16,AF and MO,Portugal,N/A,LIS,Lisbon,Underground Metro Station,Avenida,N/A,N/A,N/A,N/A,Ticket Kiosk ,Metal and plastic,N/A,,,,
A40,CSD16-LIS-A40,N/A,N/A,06/01/16,AF and MO,Portugal,N/A,LIS,Lisbon,Inside Metro Carriage ,Restauradores → Baixa-Chiado,N/A,N/A,N/A,N/A,Horizontal Support Post,Metal,N/A,,,,
A41,CSD16-LIS-A41,N/A,N/A,06/01/16,AF and MO,Portugal,N/A,LIS,Lisbon,Underground Metro Station,Restauradores,N/A,N/A,N/A,N/A,Bench,wood,N/A,,,,
A42,CSD16-LIS-A42,N/A,N/A,06/01/16,AF and MO,Portugal,N/A,LIS,Lisbon,Underground Metro Station,Restauradores,N/A,N/A,N/A,N/A,Ticket Validation,Plastic,N/A,,,,
A43,CSD16-LIS-A43,N/A,N/A,06/01/16,AF and MO,Portugal,N/A,LIS,Lisbon,Inside Metro Carriage ,Baixa-Chiado → Terreiro do Paço,N/A,N/A,N/A,N/A,Seat,Velvet and plastic,N/A,,,,
A44,CSD16-LIS-A44,N/A,N/A,06/01/16,AF and MO,Portugal,N/A,LIS,Lisbon,Underground Metro Station,Baixa-Chiado,N/A,N/A,N/A,N/A,Info Placard,Acrylic,N/A,,,,
A45,CSD16-LIS-A45,N/A,N/A,06/01/16,AF and MO,Portugal,N/A,LIS,Lisbon,Underground Metro Station,Baixa-Chiado,N/A,N/A,N/A,N/A,Garbage can,Metal,N/A,,,,
A46,CSD16-LIS-A46,N/A,N/A,06/01/16,AF and MO,Portugal,N/A,LIS,Lisbon,Inside Metro Carriage ,Terreiro do Paço → Santa Apolónia ,N/A,N/A,N/A,N/A,Vertical Support Post,Metal,N/A,,,,
A47,CSD16-LIS-A47,N/A,N/A,06/01/16,AF and MO,Portugal,N/A,LIS,Lisbon,Underground Metro Station,Terreiro do Paço,N/A,N/A,N/A,N/A,Info button,Metal and plastic,N/A,,,,
A48,CSD16-LIS-A48,N/A,N/A,06/01/16,AF and MO,Portugal,N/A,LIS,Lisbon,Underground Metro Station,Terreiro do Paço,N/A,N/A,N/A,N/A,Ticket Validation,Plastic,N/A,,,,
A49,CSD16-LIS-A49,N/A,N/A,06/01/16,AF and MO,Portugal,N/A,LIS,Lisbon,Inside Metro Carriage ,Terreiro do Paço → Santa Apolónia ,N/A,N/A,N/A,N/A,Air conditioner,Metal,N/A,,,,
A50,CSD16-LIS-A50,N/A,N/A,06/01/16,AF and MO,Portugal,N/A,LIS,Lisbon,Underground Metro Station,Santa Apolónia ,N/A,N/A,N/A,N/A,Turnstile,Glass and rubber,N/A,,,,
A51,CSD16-LIS-A51,N/A,N/A,06/01/16,AF and MO,Portugal,N/A,LIS,Lisbon,Underground Metro Station,Santa Apolónia ,N/A,N/A,N/A,N/A,Elevator,Metal and Glass,N/A,,,,
Acontrol,CSD16-LIS-Acontrol,N/A,N/A,06/01/16,AF and MO,Portugal,N/A,LIS,Lisbon,Underground Metro Station,Amadora Este ,N/A,N/A,N/A,N/A,N/A,N/A,N/A,,,,
B01,CSD16-LIS-B01,N/A,N/A,07/01/16,AF and MO,Portugal,N/A,LIS,Lisbon,Inside Metro Carriage ,Aeroporto → Encarnação,N/A,N/A,N/A,N/A,Vertical Support Post,Metal,N/A,,,,
B02,CSD16-LIS-B02,N/A,N/A,07/01/16,AF and MO,Portugal,N/A,LIS,Lisbon,Underground Metro Station,Aeroporto,N/A,N/A,N/A,N/A,Turnstile,Glass and rubber,N/A,,,,
B03,CSD16-LIS-B03,N/A,N/A,07/01/16,AF and MO,Portugal,N/A,LIS,Lisbon,Underground Metro Station,Aeroporto,N/A,N/A,N/A,N/A,Elevator,Metal and glass,N/A,,,,
B04,CSD16-LIS-B04,N/A,N/A,07/01/16,AF and MO,Portugal,N/A,LIS,Lisbon,Inside Metro Carriage ,Encarnação → Moscavide,N/A,N/A,N/A,N/A,Bench Support,Metal,N/A,,,,
B05,CSD16-LIS-B05,N/A,N/A,07/01/16,AF and MO,Portugal,N/A,LIS,Lisbon,Underground Metro Station,Encarnação,N/A,N/A,N/A,N/A,Handrail,Metal,N/A,,,,
B06,CSD16-LIS-B06,N/A,N/A,07/01/16,AF and MO,Portugal,N/A,LIS,Lisbon,Underground Metro Station,Encarnação,N/A,N/A,N/A,N/A,Escalator,Rubber,N/A,,,,
B07,CSD16-LIS-B07,N/A,N/A,07/01/16,AF and MO,Portugal,N/A,LIS,Lisbon,Inside Metro Carriage ,Moscavide → Oriente ,N/A,N/A,N/A,N/A,Window,Glass,N/A,,,,
B08,CSD16-LIS-B08,N/A,N/A,07/01/16,AF and MO,Portugal,N/A,LIS,Lisbon,Underground Metro Station,Moscavide,N/A,N/A,N/A,N/A,Ticket Kiosk ,Metal and plastic,N/A,,,,
B09,CSD16-LIS-B09,N/A,N/A,07/01/16,AF and MO,Portugal,N/A,LIS,Lisbon,Underground Metro Station,Moscavide,N/A,N/A,N/A,N/A,Bench,Wood,N/A,,,,
B10,CSD16-LIS-B10,N/A,N/A,07/01/16,AF and MO,Portugal,N/A,LIS,Lisbon,Inside Metro Carriage ,Oriente → Cabo Ruivo,N/A,N/A,N/A,N/A,Horizontal Support Post,Metal,N/A,,,,
B11,CSD16-LIS-B11,N/A,N/A,07/01/16,AF and MO,Portugal,N/A,LIS,Lisbon,Underground Metro Station,Oriente,N/A,N/A,N/A,N/A,Ticket Validation,Plastic,N/A,,,,
B12,CSD16-LIS-B12,N/A,N/A,07/01/16,AF and MO,Portugal,N/A,LIS,Lisbon,Underground Metro Station,Oriente,N/A,N/A,N/A,N/A,Info Placard,Acrylic,N/A,,,,
B13,CSD16-LIS-B13,N/A,N/A,07/01/16,AF and MO,Portugal,N/A,LIS,Lisbon,Inside Metro Carriage ,Cabo Ruivo → Olivais ,N/A,N/A,N/A,N/A,Seat,Velvet and plastic,N/A,,,,
B14,CSD16-LIS-B14,N/A,N/A,07/01/16,AF and MO,Portugal,N/A,LIS,Lisbon,Underground Metro Station,Cabo Ruivo,N/A,N/A,N/A,N/A,Garbage can,Metal,N/A,,,,
B15,CSD16-LIS-B15,N/A,N/A,07/01/16,AF and MO,Portugal,N/A,LIS,Lisbon,Underground Metro Station,Cabo Ruivo,N/A,N/A,N/A,N/A,Info button,Metal and plastic,N/A,,,,
B16,CSD16-LIS-B16,N/A,N/A,07/01/16,AF and MO,Portugal,N/A,LIS,Lisbon,Inside Metro Carriage ,Olivais → Chelas ,N/A,N/A,N/A,N/A,Vertical Support Post,Metal,N/A,,,,
B17,CSD16-LIS-B17,N/A,N/A,07/01/16,AF and MO,Portugal,N/A,LIS,Lisbon,Underground Metro Station,Olivais,N/A,N/A,N/A,N/A,Ticket Validation,Plastic,N/A,,,,
B18,CSD16-LIS-B18,N/A,N/A,07/01/16,AF and MO,Portugal,N/A,LIS,Lisbon,Underground Metro Station,Olivais,N/A,N/A,N/A,N/A,Elevator ,Metal and glass,N/A,,,,
B19,CSD16-LIS-B19,N/A,N/A,07/01/16,AF and MO,Portugal,N/A,LIS,Lisbon,Inside Metro Carriage ,Chelas → Bela Vista ,N/A,N/A,N/A,N/A,Bench Support,Metal,N/A,,,,
B20,CSD16-LIS-B20,N/A,N/A,07/01/16,AF and MO,Portugal,N/A,LIS,Lisbon,Underground Metro Station,Chelas,N/A,N/A,N/A,N/A,Turnstile,Glass and rubber,N/A,,,,
B21,CSD16-LIS-B21,N/A,N/A,07/01/16,AF and MO,Portugal,N/A,LIS,Lisbon,Underground Metro Station,Chelas,N/A,N/A,N/A,N/A,Handrail,Metal,N/A,,,,
B22,CSD16-LIS-B22,N/A,N/A,07/01/16,AF and MO,Portugal,N/A,LIS,Lisbon,Inside Metro Carriage ,Bela Vista → Olaias ,N/A,N/A,N/A,N/A,Window,Glass,N/A,,,,
B23,CSD16-LIS-B23,N/A,N/A,07/01/16,AF and MO,Portugal,N/A,LIS,Lisbon,Underground Metro Station,Bela Vista,N/A,N/A,N/A,N/A,Escalator,Rubber ,N/A,,,,
B24,CSD16-LIS-B24,N/A,N/A,07/01/16,AF and MO,Portugal,N/A,LIS,Lisbon,Underground Metro Station,Bela Vista,N/A,N/A,N/A,N/A,Ticket Kiosk ,Metal and plastic,N/A,,,,
B25,CSD16-LIS-B25,N/A,N/A,07/01/16,AF and MO,Portugal,N/A,LIS,Lisbon,Inside Metro Carriage ,Olaias → Alameda ,N/A,N/A,N/A,N/A,Horizontal Support Post,Metal,N/A,,,,
B26,CSD16-LIS-B26,N/A,N/A,07/01/16,AF and MO,Portugal,N/A,LIS,Lisbon,Underground Metro Station,Olaias,N/A,N/A,N/A,N/A,Bench,Wood ,N/A,,,,
B27,CSD16-LIS-B27,N/A,N/A,07/01/16,AF and MO,Portugal,N/A,LIS,Lisbon,Underground Metro Station,Olaias,N/A,N/A,N/A,N/A,Info Placard,Acrylic,N/A,,,,
B28,CSD16-LIS-B28,N/A,N/A,07/01/16,AF and MO,Portugal,N/A,LIS,Lisbon,Inside Metro Carriage ,Alameda  → Saldanha ,N/A,N/A,N/A,N/A,Seat,Velvet and plastic,N/A,,,,
B29,CSD16-LIS-B29,N/A,N/A,07/01/16,AF and MO,Portugal,N/A,LIS,Lisbon,Inside Metro Carriage ,Saldanha → São Sebastião,N/A,N/A,N/A,N/A,Vertical Support Post,Metal,N/A,,,,
B30,CSD16-LIS-B30,N/A,N/A,07/01/16,AF and MO,Portugal,N/A,LIS,Lisbon,Inside Metro Carriage ,Alameda → São Sebastião,N/A,N/A,N/A,N/A,Air conditioner,Metal,N/A,,,,
Bcontrol,CSD16-LIS-Bcontrol,N/A,N/A,07/01/16,AF and MO,Portugal,N/A,LIS,Lisbon,Underground Metro Station,Aeroporto,N/A,N/A,N/A,N/A,N/A,N/A,N/A,,,,
C01,CSD16-LIS-C01,N/A,N/A,08/01/16,AF and MO,Portugal,N/A,LIS,Lisbon,Inside Metro Carriage ,Telheiras  → Campo Grande ,N/A,N/A,N/A,N/A,Vertical Support Post,Metal,N/A,,,,
C02,CSD16-LIS-C02,N/A,N/A,08/01/16,AF and MO,Portugal,N/A,LIS,Lisbon,Underground Metro Station,Telheiras ,N/A,N/A,N/A,N/A,Turnstile,Glass and rubber,N/A,,,,
C03,CSD16-LIS-C03,N/A,N/A,08/01/16,AF and MO,Portugal,N/A,LIS,Lisbon,Underground Metro Station,Telheiras ,N/A,N/A,N/A,N/A,Elevator,Metal and glass,N/A,,,,
C04,CSD16-LIS-C04,N/A,N/A,08/01/16,AF and MO,Portugal,N/A,LIS,Lisbon,Inside Metro Carriage ,Campo Grande → Alvalade,N/A,N/A,N/A,N/A,Bench Support,Metal,N/A,,,,
C05,CSD16-LIS-C05,N/A,N/A,08/01/16,AF and MO,Portugal,N/A,LIS,Lisbon,Inside Metro Carriage ,Alvalade → Roma,N/A,N/A,N/A,N/A,Window,Glass,N/A,,,,
C06,CSD16-LIS-C06,N/A,N/A,08/01/16,AF and MO,Portugal,N/A,LIS,Lisbon,Underground Metro Station,Alvalade,N/A,N/A,N/A,N/A,Handrail,Metal ,N/A,,,,
C07,CSD16-LIS-C07,N/A,N/A,08/01/16,AF and MO,Portugal,N/A,LIS,Lisbon,Underground Metro Station,Alvalade,N/A,N/A,N/A,N/A,Ticket Kiosk ,Metal and plastic,N/A,,,,
C08,CSD16-LIS-C08,N/A,N/A,08/01/16,AF and MO,Portugal,N/A,LIS,Lisbon,Inside Metro Carriage ,Roma → Areeiro,N/A,N/A,N/A,N/A,Horizontal Support Post,Metal,N/A,,,,
C09,CSD16-LIS-C09,N/A,N/A,08/01/16,AF and MO,Portugal,N/A,LIS,Lisbon,Underground Metro Station,Roma,N/A,N/A,N/A,N/A,Bench ,Wood ,N/A,,,,
C10,CSD16-LIS-C10,N/A,N/A,08/01/16,AF and MO,Portugal,N/A,LIS,Lisbon,Underground Metro Station,Roma,N/A,N/A,N/A,N/A,Ticket Validation,Plastic,N/A,,,,
C11,CSD16-LIS-C11,N/A,N/A,08/01/16,AF and MO,Portugal,N/A,LIS,Lisbon,Inside Metro Carriage ,Areeiro → Alameda ,N/A,N/A,N/A,N/A,Seat,Velvet and plastic,N/A,,,,
C12,CSD16-LIS-C12,N/A,N/A,08/01/16,AF and MO,Portugal,N/A,LIS,Lisbon,Underground Metro Station,Areeiro,N/A,N/A,N/A,N/A,Info Placard,Acrylic,N/A,,,,
C13,CSD16-LIS-C13,N/A,N/A,08/01/16,AF and MO,Portugal,N/A,LIS,Lisbon,Underground Metro Station,Areeiro,N/A,N/A,N/A,N/A,Garbage can,Metal,N/A,,,,
C14,CSD16-LIS-C14,N/A,N/A,08/01/16,AF and MO,Portugal,N/A,LIS,Lisbon,Inside Metro Carriage ,Alameda → Arroios,N/A,N/A,N/A,N/A,Vertical Support Post,Metal,N/A,,,,
C15,CSD16-LIS-C15,N/A,N/A,08/01/16,AF and MO,Portugal,N/A,LIS,Lisbon,Underground Metro Station,Alameda,N/A,N/A,N/A,N/A,Info button,Metal and plastic,N/A,,,,
C16,CSD16-LIS-C16,N/A,N/A,08/01/16,AF and MO,Portugal,N/A,LIS,Lisbon,Underground Metro Station,Alameda,N/A,N/A,N/A,N/A,Vending Machine ,Acrylic and Plastic ,N/A,,,,
C17,CSD16-LIS-C17,N/A,N/A,08/01/16,AF and MO,Portugal,N/A,LIS,Lisbon,Inside Metro Carriage ,Arroios → Anjos,N/A,N/A,N/A,N/A,Bench Support,Metal,N/A,,,,
C18,CSD16-LIS-C18,N/A,N/A,08/01/16,AF and MO,Portugal,N/A,LIS,Lisbon,Underground Metro Station,Arroios,N/A,N/A,N/A,N/A,Turnstile,Glass and rubber,N/A,,,,
C19,CSD16-LIS-C19,N/A,N/A,08/01/16,AF and MO,Portugal,N/A,LIS,Lisbon,Underground Metro Station,Arroios,N/A,N/A,N/A,N/A,Handrail,Metal,N/A,,,,
C20,CSD16-LIS-C20,N/A,N/A,08/01/16,AF and MO,Portugal,N/A,LIS,Lisbon,Inside Metro Carriage ,Anjos → Intendente,N/A,N/A,N/A,N/A,Window,Glass,N/A,,,,
C21,CSD16-LIS-C21,N/A,N/A,08/01/16,AF and MO,Portugal,N/A,LIS,Lisbon,Underground Metro Station,Anjos,N/A,N/A,N/A,N/A,Escalator,Rubber ,N/A,,,,
C22,CSD16-LIS-C22,N/A,N/A,08/01/16,AF and MO,Portugal,N/A,LIS,Lisbon,Underground Metro Station,Anjos,N/A,N/A,N/A,N/A,Ticket Kiosk ,Metal and plastic,N/A,,,,
C23,CSD16-LIS-C23,N/A,N/A,08/01/16,AF and MO,Portugal,N/A,LIS,Lisbon,Inside Metro Carriage ,Intendente → Martim Moniz,N/A,N/A,N/A,N/A,Horizontal Support Post,Metal,N/A,,,,
C24,CSD16-LIS-C24,N/A,N/A,08/01/16,AF and MO,Portugal,N/A,LIS,Lisbon,Underground Metro Station,Intendente,N/A,N/A,N/A,N/A,Bench,Wood ,N/A,,,,
C25,CSD16-LIS-C25,N/A,N/A,08/01/16,AF and MO,Portugal,N/A,LIS,Lisbon,Underground Metro Station,Intendente,N/A,N/A,N/A,N/A,Info Placard,Acrylic,N/A,,,,
C26,CSD16-LIS-C26,N/A,N/A,08/01/16,AF and MO,Portugal,N/A,LIS,Lisbon,Inside Metro Carriage ,Martim Moniz → Rossio,N/A,N/A,N/A,N/A,Seat,Velvet and plastic,N/A,,,,
C27,CSD16-LIS-C27,N/A,N/A,08/01/16,AF and MO,Portugal,N/A,LIS,Lisbon,Underground Metro Station,Martim Moniz,N/A,N/A,N/A,N/A,Ticket Validation,Plastic,N/A,,,,
C28,CSD16-LIS-C28,N/A,N/A,08/01/16,AF and MO,Portugal,N/A,LIS,Lisbon,Underground Metro Station,Martim Moniz,N/A,N/A,N/A,N/A,Garbage can,Metal,N/A,,,,
C29,CSD16-LIS-C29,N/A,N/A,08/01/16,AF and MO,Portugal,N/A,LIS,Lisbon,Inside Metro Carriage ,Rossio → Baixa-Chiado,N/A,N/A,N/A,N/A,Vertical Support Post,Metal,N/A,,,,
C30,CSD16-LIS-C30,N/A,N/A,08/01/16,AF and MO,Portugal,N/A,LIS,Lisbon,Underground Metro Station,Rossio,N/A,N/A,N/A,N/A,Info button,Metal and plastic,N/A,,,,
C31,CSD16-LIS-C31,N/A,N/A,08/01/16,AF and MO,Portugal,N/A,LIS,Lisbon,Underground Metro Station,Rossio,N/A,N/A,N/A,N/A,Vending Machine ,Acrylic and Plastic ,N/A,,,,
C32,CSD16-LIS-C32,N/A,N/A,08/01/16,AF and MO,Portugal,N/A,LIS,Lisbon,Inside Metro Carriage ,Baixa-Chiado → Cais do Sodré,N/A,N/A,N/A,N/A,Bench Support,Metal,N/A,,,,
C33,CSD16-LIS-C33,N/A,N/A,08/01/16,AF and MO,Portugal,N/A,LIS,Lisbon,Inside Metro Carriage ,Telheiras → Alvalade ,N/A,N/A,N/A,N/A,Air conditioner,Metal,N/A,,,,
C34,CSD16-LIS-C34,N/A,N/A,08/01/16,AF and MO,Portugal,N/A,LIS,Lisbon,Underground Metro Station,Cais do Sodré,N/A,N/A,N/A,N/A,Elevator,Metal and Glass,N/A,,,,
C35,CSD16-LIS-C35,N/A,N/A,08/01/16,AF and MO,Portugal,N/A,LIS,Lisbon,Underground Metro Station,Cais do Sodré,N/A,N/A,N/A,N/A,Escalator,Rubber ,N/A,,,,
Ccontrol,CSD16-LIS-Ccontrol,N/A,N/A,08/01/16,AF and MO,Portugal,N/A,LIS,Lisbon,Underground Metro Station,Telheiras,N/A,N/A,N/A,N/A,N/A,N/A,N/A,,,,
D01,CSD16-LIS-D01,N/A,N/A,07/01/16,AF and MO,Portugal,N/A,LIS,Lisbon,Inside Metro Carriage ,Odivelas → Senhor Roubado,N/A,N/A,N/A,N/A,Bench Support,Metal,N/A,,,,
D02,CSD16-LIS-D02,N/A,N/A,07/01/16,AF and MO,Portugal,N/A,LIS,Lisbon,Underground Metro Station,Odivelas,N/A,N/A,N/A,N/A,Turnstile,Glass and rubber,N/A,,,,
D03,CSD16-LIS-D03,N/A,N/A,07/01/16,AF and MO,Portugal,N/A,LIS,Lisbon,Underground Metro Station,Odivelas,N/A,N/A,N/A,N/A,Elevator,Metal and glass,N/A,,,,
D04,CSD16-LIS-D04,N/A,N/A,07/01/16,AF and MO,Portugal,N/A,LIS,Lisbon,Inside Metro Carriage ,Senhor Roubado → Ameixoeira,N/A,N/A,N/A,N/A,Vertical Support Post,Metal,N/A,,,,
D05,CSD16-LIS-D05,N/A,N/A,07/01/16,AF and MO,Portugal,N/A,LIS,Lisbon,Underground Metro Station,Senhor Roubado,N/A,N/A,N/A,N/A,Handrail,Metal,N/A,,,,
D06,CSD16-LIS-D06,N/A,N/A,07/01/16,AF and MO,Portugal,N/A,LIS,Lisbon,Underground Metro Station,Senhor Roubado,N/A,N/A,N/A,N/A,Escalator,Rubber,N/A,,,,
D07,CSD16-LIS-D07,N/A,N/A,07/01/16,AF and MO,Portugal,N/A,LIS,Lisbon,Inside Metro Carriage ,Ameixoeira → Lumiar,N/A,N/A,N/A,N/A,Window,Glass,N/A,,,,
D08,CSD16-LIS-D08,N/A,N/A,07/01/16,AF and MO,Portugal,N/A,LIS,Lisbon,Underground Metro Station,Ameixoeira,N/A,N/A,N/A,N/A,Ticket Kiosk ,Metal and plastic,N/A,,,,
D09,CSD16-LIS-D09,N/A,N/A,07/01/16,AF and MO,Portugal,N/A,LIS,Lisbon,Underground Metro Station,Ameixoeira,N/A,N/A,N/A,N/A,Bench,Wood,N/A,,,,
D10,CSD16-LIS-D10,N/A,N/A,07/01/16,AF and MO,Portugal,N/A,LIS,Lisbon,Inside Metro Carriage ,Lumiar → Quinta das Conchas,N/A,N/A,N/A,N/A,Horizontal Support Post,Metal,N/A,,,,
D11,CSD16-LIS-D11,N/A,N/A,07/01/16,AF and MO,Portugal,N/A,LIS,Lisbon,Underground Metro Station,Lumiar,N/A,N/A,N/A,N/A,Ticket Validation,Plastic,N/A,,,,
D12,CSD16-LIS-D12,N/A,N/A,07/01/16,AF and MO,Portugal,N/A,LIS,Lisbon,Underground Metro Station,Lumiar,N/A,N/A,N/A,N/A,Info Placard,Acrylic,N/A,,,,
D13,CSD16-LIS-D13,N/A,N/A,07/01/16,AF and MO,Portugal,N/A,LIS,Lisbon,Inside Metro Carriage ,Quinta das Conchas → Campo Grande,N/A,N/A,N/A,N/A,Seat,Velvet and plastic,N/A,,,,
D14,CSD16-LIS-D14,N/A,N/A,07/01/16,AF and MO,Portugal,N/A,LIS,Lisbon,Underground Metro Station,Quinta das Conchas,N/A,N/A,N/A,N/A,Garbage can,Metal,N/A,,,,
D15,CSD16-LIS-D15,N/A,N/A,07/01/16,AF and MO,Portugal,N/A,LIS,Lisbon,Underground Metro Station,Quinta das Conchas,N/A,N/A,N/A,N/A,Info button,Metal and plastic,N/A,,,,
D16,CSD16-LIS-D16,N/A,N/A,07/01/16,AF and MO,Portugal,N/A,LIS,Lisbon,Inside Metro Carriage ,Campo Grande → Cidade Universitária,N/A,N/A,N/A,N/A,Vertical Support Post,Metal,N/A,,,,
D17,CSD16-LIS-D17,N/A,N/A,07/01/16,AF and MO,Portugal,N/A,LIS,Lisbon,Underground Metro Station,Campo Grande,N/A,N/A,N/A,N/A,Vending Machine ,Acrylic and plastic ,N/A,,,,
D18,CSD16-LIS-D18,N/A,N/A,07/01/16,AF and MO,Portugal,N/A,LIS,Lisbon,Underground Metro Station,Campo Grande,N/A,N/A,N/A,N/A,Payphone ,Metal and plastic,N/A,,,,
D19,CSD16-LIS-D19,N/A,N/A,07/01/16,AF and MO,Portugal,N/A,LIS,Lisbon,Inside Metro Carriage ,Cidade Universitária → Entre Campos,N/A,N/A,N/A,N/A,Bench Support,Metal,N/A,,,,
D20,CSD16-LIS-D20,N/A,N/A,07/01/16,AF and MO,Portugal,N/A,LIS,Lisbon,Underground Metro Station,Cidade Universitária,N/A,N/A,N/A,N/A,Ticket Validation,Plastic,N/A,,,,
D21,CSD16-LIS-D21,N/A,N/A,07/01/16,AF and MO,Portugal,N/A,LIS,Lisbon,Underground Metro Station,Cidade Universitária,N/A,N/A,N/A,N/A,Handrail,Limestone ,N/A,,,,
D22,CSD16-LIS-D22,N/A,N/A,07/01/16,AF and MO,Portugal,N/A,LIS,Lisbon,Inside Metro Carriage ,Entre Campos → Campo Pequeno,N/A,N/A,N/A,N/A,Window,Glass,N/A,,,,
D23,CSD16-LIS-D23,N/A,N/A,07/01/16,AF and MO,Portugal,N/A,LIS,Lisbon,Underground Metro Station,Entre Campos,N/A,N/A,N/A,N/A,Turnstile,Glass and rubber,N/A,,,,
D24,CSD16-LIS-D24,N/A,N/A,07/01/16,AF and MO,Portugal,N/A,LIS,Lisbon,Underground Metro Station,Entre Campos,N/A,N/A,N/A,N/A,Ticket Kiosk ,Metal and plastic,N/A,,,,
D25,CSD16-LIS-D25,N/A,N/A,07/01/16,AF and MO,Portugal,N/A,LIS,Lisbon,Inside Metro Carriage ,Campo Pequeno → Saldnha,N/A,N/A,N/A,N/A,Horizontal Support Post,Metal,N/A,,,,
D26,CSD16-LIS-D26,N/A,N/A,07/01/16,AF and MO,Portugal,N/A,LIS,Lisbon,Underground Metro Station,Campo Pequeno,N/A,N/A,N/A,N/A,Bench,Wood ,N/A,,,,
D27,CSD16-LIS-D27,N/A,N/A,07/01/16,AF and MO,Portugal,N/A,LIS,Lisbon,Underground Metro Station,Campo Pequeno,N/A,N/A,N/A,N/A,Info Placard,Acrylic,N/A,,,,
D28,CSD16-LIS-D28,N/A,N/A,07/01/16,AF and MO,Portugal,N/A,LIS,Lisbon,Inside Metro Carriage ,Saldanha → Picoas,N/A,N/A,N/A,N/A,Seat,Velvet and plastic,N/A,,,,
D29,CSD16-LIS-D29,N/A,N/A,07/01/16,AF and MO,Portugal,N/A,LIS,Lisbon,Underground Metro Station,Saldanha,N/A,N/A,N/A,N/A,Garbage can,Metal,N/A,,,,
D30,CSD16-LIS-D30,N/A,N/A,07/01/16,AF and MO,Portugal,N/A,LIS,Lisbon,Underground Metro Station,Saldanha,N/A,N/A,N/A,N/A,Info button,Metal and Plastic,N/A,,,,
D31,CSD16-LIS-D31,N/A,N/A,07/01/16,AF and MO,Portugal,N/A,LIS,Lisbon,Inside Metro Carriage ,Picoas → Marquês de Pombal,N/A,N/A,N/A,N/A,Vertical Support Post,Metal,N/A,,,,
D32,CSD16-LIS-D32,N/A,N/A,07/01/16,AF and MO,Portugal,N/A,LIS,Lisbon,Underground Metro Station,Picoas,N/A,N/A,N/A,N/A,Turnstile,Glass and rubber,N/A,,,,
D33,CSD16-LIS-D33,N/A,N/A,07/01/16,AF and MO,Portugal,N/A,LIS,Lisbon,Underground Metro Station,Picoas,N/A,N/A,N/A,N/A,Handrail,Metal,N/A,,,,
D34,CSD16-LIS-D34,N/A,N/A,07/01/16,AF and MO,Portugal,N/A,LIS,Lisbon,Inside Metro Carriage ,Marquês de Pombal → Rato,N/A,N/A,N/A,N/A,Bench Support,Metal,N/A,,,,
D35,CSD16-LIS-D35,N/A,N/A,07/01/16,AF and MO,Portugal,N/A,LIS,Lisbon,Underground Metro Station,Rato,N/A,N/A,N/A,N/A,Elevator,Metal and Glass,N/A,,,,
D36,CSD16-LIS-D36,N/A,N/A,07/01/16,AF and MO,Portugal,N/A,LIS,Lisbon,Underground Metro Station,Rato,N/A,N/A,N/A,N/A,Escalator ,Rubber ,N/A,,,,
D37,CSD16-LIS-D37,N/A,N/A,07/01/16,AF and MO,Portugal,N/A,LIS,Lisbon,Inside Metro Carriage ,Odivelas → Senhor Roubado,N/A,N/A,N/A,N/A,Air conditioner,Metal,N/A,,,,
D38,CSD16-LIS-D38,N/A,N/A,07/01/16,AF and MO,Portugal,N/A,LIS,Lisbon,Underground Metro Station,Saldanha,N/A,N/A,N/A,N/A,Bathroom ,Diverse ,N/A,,,,
D39,CSD16-LIS-D39,N/A,N/A,07/01/16,AF and MO,Portugal,N/A,LIS,Lisbon,Underground Metro Station,Saldanha,N/A,N/A,N/A,N/A,Air conditioner (Attending Box),Metal,N/A,,,,
Dcontrol,CSD16-LIS-Dcontrol,N/A,N/A,07/01/16,AF and MO,Portugal,N/A,LIS,Lisbon,Underground Metro Station,Odivelas,N/A,N/A,N/A,N/A,N/A,N/A,N/A,,,,
,,,,,,,,,,,,,,,,,,,,,,
,,,,,,,,,,,,,,,,,,,,,,
,,,,,,,,,,,,,,,,,,,,,,
,,,,,,,,,,,,,,,,,,,,,,
,,,,,,,,,,,,,,,,,,,,,,
,,,,,,,,,,,,,,,,,,,,,,
,,,,,,,,,,,,,,,,,,,,,,
,,,,,,,,,,,,,,,,,,,,,,
,,,,,,,,,,,,,,,,,,,,,,
,,,,,,,,,,,,,,,,,,,,,,
,,,,,,,,,,,,,,,,,,,,,,
,,,,,,,,,,,,,,,,,,,,,,
,,,,,,,,,,,,,,,,,,,,,,
,,,,,,,,,,,,,,,,,,,,,,
,,,,,,,,,,,,,,,,,,,,,,
,,,,,,,,,,,,,,,,,,,,,,
,,,,,,,,,,,,,,,,,,,,,,
,,,,,,,,,,,,,,,,,,,,,,
,,,,,,,,,,,,,,,,,,,,,,
,,,,,,,,,,,,,,,,,,,,,,
,,,,,,,,,,,,,,,,,,,,,,
,,,,,,,,,,,,,,,,,,,,,,
,,,,,,,,,,,,,,,,,,,,,,
,,,,,,,,,,,,,,,,,,,,,,
,,,,,,,,,,,,,,,,,,,,,,
,,,,,,,,,,,,,,,,,,,,,,
,,,,,,,,,,,,,,,,,,,,,,
,,,,,,,,,,,,,,,,,,,,,,
,,,,,,,,,,,,,,,,,,,,,,
,,,,,,,,,,,,,,,,,,,,,,
,,,,,,,,,,,,,,,,,,,,,,
,,,,,,,,,,,,,,,,,,,,,,
,,,,,,,,,,,,,,,,,,,,,,
,,,,,,,,,,,,,,,,,,,,,,
,,,,,,,,,,,,,,,,,,,,,,
,,,,,,,,,,,,,,,,,,,,,,
,,,,,,,,,,,,,,,,,,,,,,
,,,,,,,,,,,,,,,,,,,,,,
,,,,,,,,,,,,,,,,,,,,,,
,,,,,,,,,,,,,,,,,,,,,,
,,,,,,,,,,,,,,,,,,,,,,
,,,,,,,,,,,,,,,,,,,,,,
,,,,,,,,,,,,,,,,,,,,,,
,,,,,,,,,,,,,,,,,,,,,,
,,,,,,,,,,,,,,,,,,,,,,
,,,,,,,,,,,,,,,,,,,,,,
,,,,,,,,,,,,,,,,,,,,,,
,,,,,,,,,,,,,,,,,,,,,,
,,,,,,,,,,,,,,,,,,,,,,
,,,,,,,,,,,,,,,,,,,,,,
,,,,,,,,,,,,,,,,,,,,,,
,,,,,,,,,,,,,,,,,,,,,,
,CSD16-,,,,,,,,,,,,,,,,,,,,,
,CSD16-,,,,,,,,,,,,,,,,,,,,,
,CSD16-,,,,,,,,,,,,,,,,,,,,,
,CSD16-,,,,,,,,,,,,,,,,,,,,,
,CSD16-,,,,,,,,,,,,,,,,,,,,,
,CSD16-,,,,,,,,,,,,,,,,,,,,,
,CSD16-,,,,,,,,,,,,,,,,,,,,,
,CSD16-,,,,,,,,,,,,,,,,,,,,,
,CSD16-,,,,,,,,,,,,,,,,,,,,,
,CSD16-,,,,,,,,,,,,,,,,,,,,,
,CSD16-,,,,,,,,,,,,,,,,,,,,,
,CSD16-,,,,,,,,,,,,,,,,,,,,,
,,,,,,,,,,,,,,,,,,,,,,
,,,,,,,,,,,,,,,,,,,,,,
,,,,,,,,,,,,,,,,,,,,,,
,,,,,,,,,,,,,,,,,,,,,,
,,,,,,,,,,,,,,,,,,,,,,
,,,,,,,,,,,,,,,,,,,,,,
,,,,,,,,,,,,,,,,,,,,,,
,,,,,,,,,,,,,,,,,,,,,,
,,,,,,,,,,,,,,,,,,,,,,
,,,,,,,,,,,,,,,,,,,,,,
,,,,,,,,,,,,,,,,,,,,,,
,,,,,,,,,,,,,,,,,,,,,,
,,,,,,,,,,,,,,,,,,,,,,
,,,,,,,,,,,,,,,,,,,,,,
,,,,,,,,,,,,,,,,,,,,,,
,,,,,,,,,,,,,,,,,,,,,,
,,,,,,,,,,,,,,,,,,,,,,
,,,,,,,,,,,,,,,,,,,,,,
,,,,,,,,,,,,,,,,,,,,,,
,,,,,,,,,,,,,,,,,,,,,,
,,,,,,,,,,,,,,,,,,,,,,
,,,,,,,,,,,,,,,,,,,,,,
,,,,,,,,,,,,,,,,,,,,,,
,,,,,,,,,,,,,,,,,,,,,,
,,,,,,,,,,,,,,,,,,,,,,
,,,,,,,,,,,,,,,,,,,,,,
,,,,,,,,,,,,,,,,,,,,,,
,,,,,,,,,,,,,,,,,,,,,,
,,,,,,,,,,,,,,,,,,,,,,
,,,,,,,,,,,,,,,,,,,,,,
,,,,,,,,,,,,,,,,,,,,,,
,,,,,,,,,,,,,,,,,,,,,,
,,,,,,,,,,,,,,,,,,,,,,
,,,,,,,,,,,,,,,,,,,,,,
,,,,,,,,,,,,,,,,,,,,,,
,,,,,,,,,,,,,,,,,,,,,,
,,,,,,,,,,,,,,,,,,,,,,
,,,,,,,,,,,,,,,,,,,,,,
,,,,,,,,,,,,,,,,,,,,,,
,,,,,,,,,,,,,,,,,,,,,,
,,,,,,,,,,,,,,,,,,,,,,
,,,,,,,,,,,,,,,,,,,,,,
,,,,,,,,,,,,,,,,,,,,,,
,,,,,,,,,,,,,,,,,,,,,,
,,,,,,,,,,,,,,,,,,,,,,
,,,,,,,,,,,,,,,,,,,,,,
,,,,,,,,,,,,,,,,,,,,,,
,,,,,,,,,,,,,,,,,,,,,,
,,,,,,,,,,,,,,,,,,,,,,
,,,,,,,,,,,,,,,,,,,,,,
,,,,,,,,,,,,,,,,,,,,,,
,,,,,,,,,,,,,,,,,,,,,,
,,,,,,,,,,,,,,,,,,,,,,
,,,,,,,,,,,,,,,,,,,,,,
,,,,,,,,,,,,,,,,,,,,,,
,,,,,,,,,,,,,,,,,,,,,,
,,,,,,,,,,,,,,,,,,,,,,
,,,,,,,,,,,,,,,,,,,,,,
,,,,,,,,,,,,,,,,,,,,,,
,,,,,,,,,,,,,,,,,,,,,,
,,,,,,,,,,,,,,,,,,,,,,
,,,,,,,,,,,,,,,,,,,,,,
,,,,,,,,,,,,,,,,,,,,,,
,,,,,,,,,,,,,,,,,,,,,,
,,,,,,,,,,,,,,,,,,,,,,
,,,,,,,,,,,,,,,,,,,,,,
,,,,,,,,,,,,,,,,,,,,,,
,,,,,,,,,,,,,,,,,,,,,,
,,,,,,,,,,,,,,,,,,,,,,
,,,,,,,,,,,,,,,,,,,,,,
,,,,,,,,,,,,,,,,,,,,,,
,,,,,,,,,,,,,,,,,,,,,,
,,,,,,,,,,,,,,,,,,,,,,
,,,,,,,,,,,,,,,,,,,,,,
,,,,,,,,,,,,,,,,,,,,,,
,,,,,,,,,,,,,,,,,,,,,,
,,,,,,,,,,,,,,,,,,,,,,
,,,,,,,,,,,,,,,,,,,,,,
,,,,,,,,,,,,,,,,,,,,,,